-- phpMyAdmin SQL Dump
-- version 5.0.4
-- https://www.phpmyadmin.net/
--
-- Servidor: 127.0.0.1
-- Tiempo de generación: 17-06-2023 a las 06:47:49
-- Versión del servidor: 10.4.17-MariaDB
-- Versión de PHP: 8.0.0

SET SQL_MODE = "NO_AUTO_VALUE_ON_ZERO";
START TRANSACTION;
SET time_zone = "+00:00";


/*!40101 SET @OLD_CHARACTER_SET_CLIENT=@@CHARACTER_SET_CLIENT */;
/*!40101 SET @OLD_CHARACTER_SET_RESULTS=@@CHARACTER_SET_RESULTS */;
/*!40101 SET @OLD_COLLATION_CONNECTION=@@COLLATION_CONNECTION */;
/*!40101 SET NAMES utf8mb4 */;

--
-- Base de datos: `recetasdb`
--

-- --------------------------------------------------------

--
-- Estructura de tabla para la tabla `alergias`
--

CREATE TABLE `alergias` (
  `idalergia` int(11) NOT NULL,
  `usuarios_correo` varchar(255) NOT NULL,
  `ingredientes_idIngredientes` int(11) NOT NULL
) ENGINE=InnoDB DEFAULT CHARSET=utf8;

--
-- Volcado de datos para la tabla `alergias`
--

INSERT INTO `alergias` (`idalergia`, `usuarios_correo`, `ingredientes_idIngredientes`) VALUES
(1, 'juanperez1234@gmail.com', 253),
(2, 'juanperez1234@gmail.com', 253),
(3, 'juanperez1234@gmail.com', 272),
(4, 'alejandramen123@gmail.com', 84),
(5, 'alejandramen123@gmail.com', 138),
(6, 'alejandramen123@gmail.com', 62),
(7, 'anakareninamy@gmail.com', 84),
(8, 'anakareninamy@gmail.com', 253),
(9, 'anakareninamy@gmail.com', 299),
(10, 'anamartinp@gmail.com', 299),
(11, 'carlosherr8765@gmail.com', 295),
(12, 'carlosherr8765@gmail.com', 299),
(13, 'carolinarampass@gmail.com', 77),
(14, 'danielaherrlet@gmail.com', 257),
(15, 'gabrielagonza@gmail.com', 62),
(16, 'jorgefernaui@gmail.com', 365),
(17, 'jorgefernaui@gmail.com', 272),
(18, 'jorgefernaui@gmail.com', 272),
(19, 'jorgefernaui@gmail.com', 273),
(20, 'jorgefernaui@gmail.com', 271),
(21, 'manuelsilva23@gmail.com', 254),
(22, 'paolanavarro12@gmail.com', 254),
(23, 'robertosoto90@gmail.com', 254),
(24, 'lauraramirez45@gmail.com', 254),
(25, 'rauldiazilove@gmail.com', 254),
(26, 'sandraguzm123@gmail.com', 254),
(27, 'miguelrios12@gmail.com', 113),
(28, 'sofiavargas01@gmail.com', 293),
(29, 'usuario100@gmail.com', 61),
(30, 'usuario127@gmail.com', 54),
(31, 'usuario103@gmail.com', 112),
(32, 'usuario103@gmail.com', 113),
(33, 'usuario103@gmail.com', 314),
(34, 'usuario103@gmail.com', 115),
(35, 'usuario110@gmail.com', 67),
(36, 'usuario112@gmail.com', 61),
(37, 'usuario112@gmail.com', 72),
(38, 'usuario123@gmail.com', 57),
(39, 'usuario148@gmail.com', 365),
(40, 'usuario148@gmail.com', 263),
(41, 'usuario150@gmail.com', 133),
(42, 'usuario105@gmail.com', 273),
(43, 'usuario184@gmail.com', 41),
(44, 'usuario196@gmail.com', 20),
(45, 'usuario198@gmail.com', 112),
(46, 'usuario198@gmail.com', 114),
(47, 'usuario198@gmail.com', 113),
(48, 'usuario198@gmail.com', 122),
(49, 'usuario198@gmail.com', 129),
(50, 'usuario198@gmail.com', 130),
(51, 'usuario198@gmail.com', 337),
(52, 'usuario206@gmail.com', 272),
(53, 'usuario30@gmail.com', 242),
(54, 'usuario30@gmail.com', 245),
(55, 'usuario248@gmail.com', 112),
(56, 'usuario249@gmail.com', 304),
(57, 'usuario254@gmail.com', 133),
(58, 'usuario266@gmail.com', 298),
(59, 'usuario280@gmail.com', 299),
(60, 'usuario291@gmail.com', 254),
(61, 'usuario293@gmail.com', 254),
(62, 'usuario32@gmail.com', 14),
(63, 'usuario345@gmail.com', 14),
(64, 'usuario334@gmail.com', 304),
(65, 'usuario36@gmail.com', 54),
(66, 'usuario467@gmail.com', 254),
(67, 'usuario444@gmail.com', 274),
(68, 'usuario48@gmail.com', 255),
(69, 'veronicanicahel@gmail.com', 263),
(70, 'usuario450@gmail.com', 272),
(71, 'usuario487@gmail.com', 342),
(72, 'usuario53@gmail.com', 304),
(73, 'usuario60@gmail.com', 318),
(74, 'usuario70@gmail.com', 257);

-- --------------------------------------------------------

--
-- Estructura de tabla para la tabla `grupo`
--

CREATE TABLE `grupo` (
  `idgrupo` int(11) NOT NULL,
  `nombre` varchar(45) NOT NULL,
  `clave` varchar(45) NOT NULL,
  `planeacion_idplaneacion` int(11) NOT NULL
) ENGINE=InnoDB DEFAULT CHARSET=utf8;

-- --------------------------------------------------------

--
-- Estructura de tabla para la tabla `ingredientes`
--

CREATE TABLE `ingredientes` (
  `idIngredientes` int(11) NOT NULL,
  `nombre` varchar(45) NOT NULL
) ENGINE=InnoDB DEFAULT CHARSET=utf8;

--
-- Volcado de datos para la tabla `ingredientes`
--

INSERT INTO `ingredientes` (`idIngredientes`, `nombre`) VALUES
(1, 'Zanahoria'),
(2, 'Brócoli'),
(3, 'Espinacas'),
(4, 'Coliflor'),
(5, 'Pimiento rojo'),
(6, 'Calabaza'),
(7, 'Cebolla'),
(8, 'Acelga'),
(9, 'Papa'),
(10, 'Camote'),
(11, 'Lechuga'),
(12, 'Repollo'),
(13, 'Pepino'),
(14, 'Apio'),
(15, 'Tomate'),
(16, 'Champiñón'),
(17, 'Alcachofa'),
(18, 'Cebollino'),
(19, 'Rábano'),
(20, 'Berenjena'),
(21, 'Espárragos'),
(22, 'Remolacha'),
(23, 'Maíz'),
(24, 'Guisantes'),
(25, 'Calabacín'),
(26, 'Chile'),
(27, 'Ajo'),
(28, 'Jengibre'),
(29, 'Hinojo'),
(30, 'Berro'),
(31, 'Endibia'),
(32, 'Acelga suiza'),
(33, 'Col rizada'),
(34, 'Rúcula'),
(35, 'Escarola'),
(36, 'Perejil'),
(37, 'Cilantro'),
(38, 'Eneldo'),
(39, 'Albahaca'),
(40, 'Orégano'),
(41, 'Romero'),
(42, 'Salvia'),
(43, 'Menta'),
(44, 'Hierbabuena'),
(45, 'Tomillo'),
(46, 'Puerro'),
(47, 'Hojas de parra'),
(48, 'Col'),
(49, 'Col de Bruselas'),
(50, 'Nabo'),
(51, 'Colinabo'),
(52, 'Rábano picante'),
(53, 'Bambú'),
(54, 'Setas'),
(55, 'Ñame'),
(56, 'Manzana'),
(57, 'Plátano'),
(58, 'Naranja'),
(59, 'Uva'),
(60, 'Pera'),
(61, 'Kiwi'),
(62, 'Fresas'),
(63, 'Piña'),
(64, 'Mango'),
(65, 'Sandía'),
(66, 'Melón'),
(67, 'Cereza'),
(68, 'Limón'),
(69, 'Limón verde'),
(70, 'Mandarina'),
(71, 'Ciruela'),
(72, 'Melocotón'),
(73, 'Albaricoque'),
(74, 'Higo'),
(75, 'Granada'),
(76, 'Lima'),
(77, 'Aguacate'),
(78, 'Guayaba'),
(79, 'Maracuyá'),
(80, 'Papaya'),
(81, 'Coco'),
(82, 'Grosella'),
(83, 'Fruta de la pasión'),
(84, 'Arándano'),
(85, 'Fruta del dragón'),
(86, 'Lichi'),
(87, 'Litchi'),
(88, 'Pitahaya'),
(89, 'Kumquat'),
(90, 'Mangostino'),
(91, 'Morera'),
(92, 'Higo chumbo'),
(93, 'Chirimoya'),
(94, 'Mandacarú'),
(95, 'Naranjilla'),
(96, 'Pepino dulce'),
(97, 'Zapote negro'),
(98, 'Uchuva'),
(99, 'Mora'),
(100, 'Zarzamora'),
(101, 'Guanábana'),
(102, 'Breva'),
(103, 'Anona'),
(104, 'Pomelo'),
(105, 'Tamarindo'),
(106, 'Caqui'),
(107, 'Pepino amargo'),
(108, 'Níspero'),
(109, 'Carambola'),
(110, 'Mamoncillo'),
(111, 'Rambután'),
(112, 'Leche'),
(113, 'Yogur'),
(114, 'Crema'),
(115, 'Queso cheddar'),
(116, 'Queso mozzarella'),
(117, 'Queso parmesano'),
(118, 'Queso gouda'),
(119, 'Queso suizo'),
(120, 'Queso azul'),
(121, 'Queso brie'),
(122, 'Queso camembert'),
(123, 'Queso de cabra'),
(124, 'Queso de oveja'),
(125, 'Queso crema'),
(126, 'Queso ricotta'),
(127, 'Queso cottage'),
(128, 'Queso feta'),
(129, 'Queso queso fresco'),
(130, 'Queso roquefort'),
(131, 'Queso panela'),
(132, 'Arroz'),
(133, 'Trigo'),
(134, 'Avena'),
(135, 'Maíz'),
(136, 'Centeno'),
(137, 'Cebada'),
(138, 'Quinoa'),
(139, 'Mijo'),
(140, 'Amaranto'),
(141, 'Cuscús'),
(142, 'Pan de trigo'),
(143, 'Harina de maíz'),
(144, 'Harina de avena'),
(145, 'Harina de trigo'),
(146, 'Harina de centeno'),
(147, 'Harina de cebada'),
(148, 'Harina de quinoa'),
(149, 'Harina de amaranto'),
(150, 'Filete de ternera'),
(151, 'Chuletón'),
(152, 'Costillas de res'),
(153, 'Carne molida de res'),
(154, 'Roast beef'),
(155, 'Carne para guisar'),
(156, 'Solomillo'),
(157, 'Entrecot'),
(158, 'Lengua de res'),
(159, 'Rabo de res'),
(160, 'Tripas de res'),
(161, 'Corazón de res'),
(162, 'Hígado de res'),
(163, 'Riñones de res'),
(164, 'Tuétano de res'),
(165, 'Carrilleras de res'),
(166, 'Morcilla de res'),
(167, 'Chorizo de res'),
(168, 'Salchicha de res'),
(169, 'Carne de res'),
(170, 'Cecina de res'),
(171, 'Tripas de res para embutidos'),
(172, 'Huesos de res para caldo'),
(173, 'Tendones de res'),
(174, 'Cartílagos de res'),
(175, 'Pulmones de res'),
(176, 'Lengua de res enlatada'),
(177, 'Gelatina de res'),
(178, 'Pechuga de pollo'),
(179, 'Muslo de pollo'),
(180, 'Ala de pollo'),
(181, 'Pierna de pollo'),
(182, 'Pollo entero'),
(183, 'Pavo entero'),
(184, 'Pavo molido'),
(185, 'Pato entero'),
(186, 'Filete de pavo'),
(187, 'Jamón de pavo'),
(188, 'Pechuga de pavo'),
(189, 'Muslo de pavo'),
(190, 'Ala de pavo'),
(191, 'Pierna de pavo'),
(192, 'Pechuga de pollo enlatada'),
(193, 'Salchicha de pollo'),
(194, 'Salchicha de pavo'),
(195, 'Jamón de pollo'),
(196, 'Jamón de pavo'),
(197, 'Chorizo de pollo'),
(198, 'Chorizo de pavo'),
(199, 'Salami de pollo'),
(200, 'Salami de pavo'),
(201, 'Pepperoni de pollo'),
(202, 'Pepperoni de pavo'),
(203, 'Bacon de pavo'),
(204, 'Mortadela de pollo'),
(205, 'Mortadela de pavo'),
(206, 'Chuleta de cerdo'),
(207, 'Lomo de cerdo'),
(208, 'Costilla de cerdo'),
(209, 'Pechuga de cerdo'),
(210, 'Solomillo de cerdo'),
(211, 'Pernil de cerdo'),
(212, 'Cabeza de cerdo'),
(213, 'Carnitas de cerdo'),
(214, 'Tocino de cerdo'),
(215, 'Jamón de cerdo'),
(216, 'Salchicha de cerdo'),
(217, 'Chorizo de cerdo'),
(218, 'Morcilla de cerdo'),
(219, 'Panceta de cerdo'),
(220, 'Hueso de cerdo'),
(221, 'Hígado de cerdo'),
(222, 'Riñón de cerdo'),
(223, 'Trotters de cerdo'),
(224, 'Callos de cerdo'),
(225, 'Gelatina de cerdo'),
(226, 'Grasa de cerdo'),
(227, 'Casquería de cerdo'),
(228, 'Fritada de cerdo'),
(229, 'Chicharrón de cerdo'),
(230, 'Cabeza de lomo de cerdo'),
(231, 'Lengua de cerdo'),
(232, 'Oreja de cerdo'),
(233, 'Pata de cerdo'),
(234, 'Rabo de cerdo'),
(235, 'Azúcar'),
(236, 'Azúcar glas'),
(237, 'Azúcar moreno'),
(238, 'Azúcar mascabado'),
(239, 'Miel'),
(240, 'Jarabe de maíz'),
(241, 'Jarabe de arce'),
(242, 'Chocolate'),
(243, 'Chocolate blanco'),
(244, 'Chocolate con leche'),
(245, 'Chocolate oscuro'),
(246, 'Cacao en polvo'),
(247, 'Vainilla'),
(248, 'Extracto de vainilla'),
(249, 'Esencia de vainilla'),
(250, 'Canela'),
(251, 'Clavo de olor'),
(252, 'Jengibre en polvo'),
(253, 'Nuez moscada'),
(254, 'Almendra'),
(255, 'Avellana'),
(256, 'Nueces'),
(257, 'Pistachos'),
(258, 'Dátiles'),
(259, 'Pasas'),
(260, 'Uvas pasas'),
(261, 'Coco rallado'),
(262, 'Malvaviscos'),
(263, 'Atún'),
(264, 'Salmón'),
(265, 'Trucha'),
(266, 'Merluza'),
(267, 'Bacalao'),
(268, 'Sardinas'),
(269, 'Anchoas'),
(270, 'Pulpo'),
(271, 'Calamar'),
(272, 'Camarones'),
(273, 'Langosta'),
(274, 'Cangrejo'),
(275, 'Mejillones'),
(276, 'Agua'),
(277, 'Aceite'),
(278, 'Jugo de naranja'),
(279, 'Jugo de manzana'),
(280, 'Jugo de uva'),
(281, 'Jugo de piña'),
(282, 'Jugo de tomate'),
(283, 'Cerveza'),
(284, 'Vino tinto'),
(285, 'Vino blanco'),
(286, 'Café'),
(287, 'Vinagre'),
(288, 'Tortillas'),
(289, 'Frijoles'),
(290, 'Frijoles rojos'),
(291, 'Frijoles blancos'),
(292, 'Frijoles pintos'),
(293, 'Garbanzos'),
(294, 'Lentejas'),
(295, 'Habas'),
(296, 'Judías verdes'),
(297, 'Alubias'),
(298, 'Soja'),
(299, 'Cacahuetes'),
(300, 'Chícharos'),
(301, 'Polvo para hornear'),
(302, 'Bicarbonato de sodio'),
(303, 'Sal'),
(304, 'Huevo'),
(305, 'Mantequilla'),
(306, 'Lechuga romana'),
(307, 'Crutones'),
(308, 'Dientes de ajo'),
(309, 'Caldo de verduras'),
(310, 'Pimienta negra molida'),
(311, 'Comino molido'),
(312, 'Pimentón'),
(313, 'Aceite de oliva'),
(314, 'Yogur natural'),
(315, 'Leche de almendra'),
(316, 'Caldo de pollo'),
(317, 'Mantequilla sin sal'),
(318, 'Levadura en polvo'),
(319, 'Harina'),
(320, 'Manteca'),
(321, 'Hoja de laurel'),
(322, 'Tortilla de maíz'),
(323, 'Quinoa cocida'),
(324, 'Cilantro picado'),
(325, 'Pasta'),
(326, 'Agua de coco'),
(327, 'Jugo de limón'),
(328, 'Mermelada de albaricoque'),
(329, 'Jugo de limón verde'),
(330, 'Jalapeño'),
(331, 'Cebolla roja'),
(332, 'Pan de hamburguesa'),
(333, 'Pan rallado'),
(334, 'Pechuga de pollo molida'),
(335, 'Lata de tomates en cubitos'),
(336, 'Pechuga de pollo cocida'),
(337, 'Queso rallado'),
(338, 'Tomatillo'),
(339, 'Azúcar granulada'),
(340, 'Aceite vegetal'),
(341, 'Mayonesa'),
(342, 'Mostaza'),
(343, 'Pepinillos'),
(344, 'Aceitunas negras'),
(345, 'Arroz de sushi'),
(346, 'Vinagre de arroz'),
(347, 'Filete de salmón'),
(348, 'Hojas de alga nori'),
(349, 'Jugo de lima'),
(350, 'Chorizo argentino'),
(351, 'Morcillas argentinas'),
(352, 'Provoleta'),
(353, 'Láminas de lasaña'),
(354, 'Salsa de tomate'),
(355, 'Hojas de albahaca'),
(356, 'Queso mascarpone'),
(357, 'Café espresso'),
(358, 'Brandy'),
(359, 'Galletas de savoiardi'),
(360, 'Lomo de res'),
(361, 'Pimiento amarillo'),
(362, 'Salsa de soja'),
(363, 'Vinagre blanco'),
(364, 'Ajil amarillo molido'),
(365, 'Filete de pescado blanco'),
(366, 'Paprika'),
(367, 'Arroz de Arborio'),
(368, 'Jamón de pierna');

-- --------------------------------------------------------

--
-- Estructura de tabla para la tabla `pasos`
--

CREATE TABLE `pasos` (
  `idPasos` int(11) NOT NULL,
  `nopaso` varchar(45) NOT NULL,
  `paso` text NOT NULL,
  `imagen` longblob DEFAULT NULL,
  `Recetas_idRecetas` int(11) NOT NULL
) ENGINE=InnoDB DEFAULT CHARSET=utf8;

--
-- Volcado de datos para la tabla `pasos`
--

INSERT INTO `pasos` (`idPasos`, `nopaso`, `paso`, `imagen`, `Recetas_idRecetas`) VALUES
(1, '1', 'En un tazón grande, mezcla la harina, el azúcar, el polvo de hornear, el bicarbonato de sodio y la sal.', NULL, 1),
(2, '2', 'En otro tazón, bate los huevos y luego agrega la leche y el extracto de vainilla. Mezcla bien.', NULL, 1),
(3, '3', 'Añade los ingredientes líquidos a los ingredientes secos y mezcla hasta que estén bien combinados. No te preocupes si la masa tiene algunos grumos, es normal en los pancakes.', NULL, 1),
(4, '4', 'Con una cuchara de helado o una cuchara grande, vierte porciones de masa en una sartén caliente previamente engrasada con aceite o mantequilla, a fuego medio-bajo.', NULL, 1),
(5, '5', 'Espolvorea algunos arándanos sobre cada pancake en la sartén. Cocina hasta que aparezcan burbujas en la superficie de los pancakes y los bordes estén ligeramente dorados, aproximadamente 2-3 minutos.', NULL, 1),
(6, '6', 'Voltea los pancakes y cocina por otros 1-2 minutos hasta que estén dorados en el otro lado y los arándanos estén jugosos.', NULL, 1),
(7, '7', 'Repite el proceso con el resto de la masa hasta que hayas utilizado toda la mezcla.', NULL, 1),
(8, '8', 'Sirve los pancakes de arándanos calientes con sirope de arce, mantequilla derretida, crema batida o más arándanos frescos como topping, si lo deseas.', NULL, 1),
(9, '1', 'En un tazón grande, mezcla la lechuga romana, los crutones y el queso parmesano.', NULL, 2),
(10, '2', 'En otro tazón pequeño, mezcla la mayonesa, el aceite de oliva, la salsa Worcestershire, la mostaza Dijon, el ajo picado, el jugo de limón y la salsa de anchoas (si la estás usando). Remueve bien para que todos los ingredientes se mezclen.', NULL, 2),
(11, '3', 'Vierte el aderezo sobre la ensalada y mezcla suavemente para que todo esté bien cubierto. Agrega sal y pimienta al gusto.', NULL, 2),
(12, '4', 'Sirve la ensalada César en platos individuales y espolvorea un poco más de queso parmesano rallado por encima, si lo deseas.', NULL, 2),
(13, '1', 'En una olla grande, calienta el aceite de oliva a fuego medio. Agrega la cebolla y el ajo, y cocina hasta que estén tiernos y fragantes, aproximadamente 5 minutos.', NULL, 3),
(14, '2', 'Añade los tomates, la zanahoria y la papa a la olla. Cocina por otros 5 minutos, revolviendo ocasionalmente.', NULL, 3),
(15, '3', 'Agrega el caldo de verduras, el azúcar, la sal, la pimienta, el comino y el pimentón (si lo estás usando) a la olla. Lleva la sopa a ebullición, luego reduce el fuego y deja que hierva a fuego lento durante unos 15-20 minutos, o hasta que las verduras estén tiernas.', NULL, 3),
(16, '4', 'Retira la olla del fuego y deja que la sopa se enfríe ligeramente. Luego, utiliza una licuadora o una batidora de inmersión para triturar la sopa hasta obtener una consistencia suave.', NULL, 3),
(17, '5', 'Vuelve a calentar la sopa a fuego medio-bajo antes de servir. Sirve caliente en tazones individuales.', NULL, 3),
(18, '6', 'Opcionalmente, puedes espolvorear albahaca fresca picada y queso parmesano rallado por encima antes de servir.', NULL, 3),
(19, '1', 'Pela y corta el plátano en rodajas.', NULL, 4),
(20, '2', 'En una licuadora, coloca el plátano, las fresas, el mango, el yogur y la leche de almendra.', NULL, 4),
(21, '3', 'Licúa todo a velocidad alta hasta obtener una mezcla suave y cremosa.', NULL, 4),
(22, '4', 'Prueba el smoothie y si lo deseas, puedes endulzarlo con miel a tu gusto.', NULL, 4),
(23, '5', 'Sirve el smoothie de frutas en un vaso y disfrútalo de inmediato.', NULL, 4),
(24, '1', 'Precalienta el horno a 180°C (350°F).', NULL, 5),
(25, '2', 'Lava y seca el lomo de cerdo con papel absorbente.', NULL, 5),
(26, '3', 'En un tazón pequeño, mezcla el aceite de oliva, la sal, la pimienta, el romero, el tomillo y el ajo picado para hacer una marinada.', NULL, 5),
(27, '4', 'Frota el lomo de cerdo con la marinada, asegurándote de cubrirlo por completo.', NULL, 5),
(28, '5', 'Coloca el lomo de cerdo en una fuente de hornear o en una bandeja para hornear y añade el caldo de pollo o de cerdo en el fondo de la fuente.', NULL, 5),
(29, '6', 'Opcionalmente, puedes agregar vino blanco a la fuente para darle más sabor al lomo de cerdo.', NULL, 5),
(30, '7', 'Cubre la fuente con papel de aluminio y hornea durante aproximadamente 1 hora y 30 minutos, o hasta que la temperatura interna del lomo de cerdo alcance los 70°C (160°F) en un termómetro de cocina.', NULL, 5),
(31, '8', 'Retira el papel de aluminio durante los últimos 15-20 minutos de cocción para dorar la parte superior del lomo de cerdo.', NULL, 5),
(32, '9', 'Retira el lomo de cerdo del horno y deja que repose durante unos minutos antes de cortarlo en rodajas.', NULL, 5),
(33, '10', 'Sirve el lomo de cerdo al horno con su jugo de cocción por encima y acompáñalo con tus guarniciones favoritas, como puré de papas, verduras asadas o una ensalada.', NULL, 5),
(34, '1', 'Precalienta tu horno a 180°C y engrasa un molde redondo de unos 22 cm de diámetro.', NULL, 6),
(35, '2', 'En un tazón grande, derrite el chocolate negro y la mantequilla en el microondas o a baño maría, revolviendo ocasionalmente hasta que estén completamente derretidos y suaves.', NULL, 6),
(36, '3', 'Agrega el azúcar al tazón con el chocolate derretido y mezcla bien. Luego, incorpora los huevos uno por uno, mezclando bien después de cada adición. Añade el extracto de vainilla y mezcla nuevamente.', NULL, 6),
(37, '4', 'Tamiza la harina, la levadura en polvo y la sal en el tazón con la mezcla de chocolate y mezcla todo hasta obtener una masa suave y homogénea.', NULL, 6),
(38, '5', 'Vierte la masa en el molde previamente engrasado y nivelar la superficie con una espátula.', NULL, 6),
(39, '6', 'Hornea el pastel en el horno precalentado durante aproximadamente 25-30 minutos, o hasta que esté cocido. Puedes comprobar la cocción insertando un palillo en el centro del pastel; si sale limpio o con algunas migas húmedas, el pastel está listo.', NULL, 6),
(40, '7', 'Retira el pastel del horno y déjalo enfriar en el molde durante unos minutos antes de desmoldarlo sobre una rejilla para que se enfríe por completo.', NULL, 6),
(41, '8', 'Una vez que el pastel esté completamente frío, puedes espolvorear azúcar glas por encima para decorar, si lo deseas. ¡Y listo! Ahora puedes disfrutar de un delicioso pastel de chocolate casero para 8 personas.', NULL, 6),
(42, '1', 'Corta la carne de cerdo en trozos grandes, aproximadamente de 5-7 cm de tamaño.', NULL, 7),
(43, '2', 'En una olla grande a fuego medio-alto, derrite la manteca de cerdo o calienta el aceite vegetal. Agrega la carne de cerdo y dórala por todos los lados hasta que esté bien dorada.', NULL, 7),
(44, '3', 'Añade la sal, la pimienta negra molida, el comino, el orégano y el pimiento de cayena (si lo usas) a la olla con la carne de cerdo dorada. Mezcla bien.', NULL, 7),
(45, '4', 'Agrega la hoja de laurel, los cuartos de naranja y el agua a la olla. Lleva a ebullición.', NULL, 7),
(46, '5', 'Reduce el fuego a bajo y cubre la olla. Cocina las carnitas a fuego lento durante aproximadamente 2-3 horas, o hasta que la carne esté tierna y se pueda desmenuzar fácilmente con un tenedor.', NULL, 7),
(47, '6', 'Una vez que la carne esté cocida, retira la hoja de laurel y desmenuza la carne con dos tenedores. Luego, aumenta el fuego a medio-alto y cocina las carnitas desmenuzadas durante otros 5-10 minutos, revolviendo ocasionalmente, para que se doren un poco.', NULL, 7),
(48, '7', 'Para armar los tacos, calienta las tortillas de maíz en una sartén caliente o en un comal. Coloca una porción de carnitas desmenuzadas en el centro de cada tortilla.', NULL, 7),
(49, '8', 'Decora los tacos de carnitas con cebolla picada, cilantro picado y salsa de tu preferencia. Exprime un poco de jugo de limón fresco por encima.', NULL, 7),
(50, '9', 'Sirve los tacos de carnitas calientes y disfrútalos junto con tus acompañamientos favoritos, como frijoles, arroz o guacamole.', NULL, 7),
(51, '1', 'Enjuaga bien la quinoa cocida bajo agua fría para quitarle el sabor amargo y escúrrela.', NULL, 8),
(52, '2', 'En un tazón grande, mezcla la quinoa cocida, el pepino, el pimiento rojo, la zanahoria rallada, la cebolla roja y el cilantro fresco picado.', NULL, 8),
(53, '3', 'En un tazón pequeño, mezcla el jugo de limón, el aceite de oliva, la sal y la pimienta para hacer el aderezo.', NULL, 8),
(54, '4', 'Vierte el aderezo sobre la ensalada de quinoa y mezcla bien para que todos los ingredientes estén bien cubiertos.', NULL, 8),
(55, '5', 'Prueba y ajusta la sazón con más sal y pimienta si es necesario.', NULL, 8),
(56, '6', 'Sirve la ensalada de quinoa en porciones individuales y disfrútala como acompañamiento o como plato principal.', NULL, 8),
(57, '1', 'Cocina la pasta según las instrucciones del paquete en una olla grande con agua hirviendo con sal. Luego, escúrrela y reserva.', NULL, 9),
(58, '2', 'En una sartén grande, derrite 1/2 taza de mantequilla a fuego medio-alto. Agrega el pollo y cocina hasta que esté dorado y cocido por completo. Luego, retira el pollo de la sartén y reserva.', NULL, 9),
(59, '3', 'En la misma sartén, agrega el resto de la mantequilla y derrítela a fuego medio. Agrega el ajo picado y cocina por 1 minuto, hasta que esté fragante pero no dorado.', NULL, 9),
(60, '4', 'Añade la crema para batir a la sartén con el ajo y la mantequilla, y cocina a fuego medio-bajo durante unos 5 minutos, revolviendo ocasionalmente.', NULL, 9),
(61, '5', 'Agrega el queso parmesano rallado a la sartén con la crema, el ajo y la mantequilla. Revuelve bien hasta que el queso se haya derretido y la salsa esté suave y espesa.', NULL, 9),
(62, '6', 'Agrega la nuez moscada molida a la salsa y mezcla bien. Luego, agrega el pollo cocido a la salsa y revuelve para cubrirlo con la salsa.', NULL, 9),
(63, '7', 'Agrega la pasta cocida a la sartén con la salsa y el pollo. Revuelve todo para que la pasta quede bien cubierta con la salsa.', NULL, 9),
(64, '8', 'Cocina la pasta y la salsa juntas por unos minutos a fuego medio-bajo, revolviendo ocasionalmente, hasta que esté bien caliente.', NULL, 9),
(65, '9', 'Prueba la salsa y sazona con sal y pimienta al gusto.', NULL, 9),
(66, '10', 'Sirve la Pasta Alfredo con Pollo caliente en platos individuales. Puedes decorar con un poco de perejil fresco picado por encima, si lo deseas.', NULL, 9),
(67, '1', 'Lava bien las espinacas y colócalas en la licuadora.', NULL, 10),
(68, '2', 'Agrega el pepino, la piña, el plátano, el jengibre rallado y el jugo de limón en la licuadora.', NULL, 10),
(69, '3', 'Añade el agua de coco o el agua filtrada.', NULL, 10),
(70, '4', 'Opcionalmente, puedes agregar hielo si quieres que el smoothie esté más frío.', NULL, 10),
(71, '5', 'Licúa todos los ingredientes a alta velocidad hasta obtener una mezcla suave y homogénea.', NULL, 10),
(72, '6', 'Vierte el smoothie en un vaso y sírvelo de inmediato.', NULL, 10),
(73, '7', '¡Disfruta de tu delicioso y saludable Smoothie Verde Detox!', NULL, 10),
(74, '1', 'Preparar la masa: En un tazón grande, mezclar la harina, la sal y el azúcar. Disolver la levadura fresca en el agua tibia y agregarla a la mezcla de harina. Mezclar bien hasta obtener una masa suave y elástica. Amasar la masa en una superficie enharinada durante unos 5-7 minutos. Formar una bola con la masa y dejar reposar en un tazón cubierto con un paño húmedo durante aproximadamente 1 hora, o hasta que la masa haya duplicado su tamaño.', NULL, 11),
(75, '2', 'Preparar la salsa de tomate: En una sartén, calentar el aceite de oliva a fuego medio. Añadir el ajo picado y cocinar por unos minutos hasta que esté dorado. Agregar los tomates picados, el azúcar, la sal y el orégano. Cocinar a fuego lento durante unos 20-25 minutos, o hasta que la salsa se haya espesado. Retirar del fuego y dejar enfriar.', NULL, 11),
(76, '3', 'Precalentar el horno: Precalentar el horno a 230°C (450°F) y colocar una piedra de pizza en el horno si se tiene una, de lo contrario, una bandeja para hornear.', NULL, 11),
(77, '4', 'Estirar la masa: Una vez que la masa haya reposado y duplicado su tamaño, amasarla ligeramente en una superficie enharinada. Luego, dividir la masa en 8 porciones iguales y formar bolas con cada porción. Estirar cada bola de masa con un rodillo o con las manos, dando forma redonda o rectangular, según tus preferencias.', NULL, 11),
(78, '5', 'Armar la pizza: Colocar cada porción de masa estirada en una bandeja para pizza o en la piedra de pizza precalentada. Extender una capa generosa de salsa de tomate sobre la masa, dejando un borde de aproximadamente 1 cm. Espolvorear queso mozzarella rallado sobre la salsa de tomate.', NULL, 11),
(79, '6', 'Hornear la pizza: Colocar las pizzas en el horno precalentado y hornear durante aproximadamente 10-12 minutos, o hasta que los bordes estén dorados y el queso esté derretido y burbujeante.', NULL, 11),
(80, '7', 'Servir: Sacar las pizzas del horno y dejar enfriar ligeramente. Decorar con hojas de albahaca fresca.', NULL, 11),
(81, '1', 'Preparar la masa: En un tazón, mezclar la harina, el azúcar y la sal. Agregar la mantequilla fría y mezclar con un tenedor o con las manos hasta obtener una textura arenosa. Agregar el huevo y amasar ligeramente hasta formar una masa suave. Envolver la masa en papel film y refrigerar durante al menos 30 minutos.', NULL, 12),
(82, '2', 'Precalentar el horno: Precalentar el horno a 180°C (350°F) y engrasar ligeramente un molde para tarta de aproximadamente 23 cm (9 pulgadas) de diámetro.', NULL, 12),
(83, '3', 'Estirar la masa: Sacar la masa del refrigerador y estirarla en una superficie enharinada hasta que tenga un grosor de aproximadamente 3-4 mm. Transferir la masa al molde para tarta, presionando suavemente en el fondo y los bordes del molde. Cortar el exceso de masa en los bordes.', NULL, 12),
(84, '4', 'Preparar el relleno: En un tazón, mezclar las rodajas de manzana con el azúcar, la canela, la nuez moscada y el jugo de limón. Mezclar bien para que las manzanas queden bien cubiertas con el azúcar y las especias.', NULL, 12),
(85, '5', 'Armar la tarta: Colocar las rodajas de manzana en la masa de tarta preparada, en una capa uniforme, cubriendo todo el fondo de la tarta.', NULL, 12),
(86, '6', 'Hornear la tarta: Hornear la tarta en el horno precalentado durante aproximadamente 35-40 minutos, o hasta que la masa esté dorada y las manzanas estén tiernas.', NULL, 12),
(87, '7', 'Preparar el glaseado (opcional): Mientras la tarta está todavía caliente, mezclar la mermelada de albaricoque o melocotón con el agua caliente para hacer el glaseado. Pintar ligeramente la superficie de la tarta con el glaseado para darle un brillo extra.', NULL, 12),
(88, '8', 'Servir: Dejar enfriar la tarta ligeramente antes de cortarla en porciones y servirla. Se puede servir sola o acompañada de una bola de helado de vainilla o crema batida, ¡y disfrutar de esta deliciosa tarta de manzana casera!', NULL, 12),
(89, '1', 'Lava los camarones con agua fría y escúrrelos bien.', NULL, 13),
(90, '2', 'En un recipiente de vidrio o cerámica, coloca los camarones y cúbrelos con el jugo de limón fresco y el jugo de limón verde. Asegúrate de que los camarones estén completamente sumergidos en el jugo de limón. Deja reposar en el refrigerador durante al menos 30 minutos o hasta que los camarones estén rosados y opacos.', NULL, 13),
(91, '3', 'En otro recipiente, mezcla la cebolla roja, el jalapeño o ají, el tomate, el aguacate y el cilantro. Agrega la sal y la pimienta negra molida, y mezcla bien.', NULL, 13),
(92, '4', 'Una vez que los camarones estén listos, escúrrelos del jugo de limón y agrégales la mezcla de cebolla, jalapeño, tomate, aguacate y cilantro. Mezcla todo suavemente.', NULL, 13),
(93, '5', 'Sirve el ceviche de camarón en platos individuales o en una fuente para compartir. Puedes acompañarlo con tortillas de maíz, tostadas o galletas saladas. ¡Disfruta de este delicioso platillo fresco y lleno de sabor!', NULL, 13),
(94, '1', 'En un tazón grande, mezcla la carne de pollo molida con el huevo, el pan rallado, la cebolla picada, el ajo picado, el perejil picado, la sal y la pimienta. Mezcla bien todos los ingredientes hasta obtener una mezcla homogénea.', NULL, 14),
(95, '2', 'Divide la mezcla de pollo en 4 porciones iguales y forma hamburguesas con las manos, dándoles forma redonda y aplanada.', NULL, 14),
(96, '3', 'Calienta una sartén antiadherente a fuego medio-alto y agrega un poco de aceite o mantequilla para engrasarla.', NULL, 14),
(97, '4', 'Coloca las hamburguesas de pollo en la sartén caliente y cocina por aproximadamente 4-5 minutos por cada lado, o hasta que estén doradas y cocidas por completo en el centro. Asegúrate de que alcancen una temperatura interna de al menos 75°C (165°F) para asegurarte de que estén completamente cocidas.', NULL, 14),
(98, '5', 'Mientras las hamburguesas se cocinan, puedes tostar ligeramente los panes de hamburguesa en una parrilla o en una sartén caliente.', NULL, 14),
(99, '6', 'Una vez que las hamburguesas de pollo estén cocidas, retíralas del fuego y deja que descansen unos minutos.', NULL, 14),
(100, '7', 'Para armar las hamburguesas, coloca las hamburguesas de pollo en los panes tostados y agrega hojas de lechuga, rodajas de tomate y otros ingredientes de tu preferencia.', NULL, 14),
(101, '8', '¡Sirve tus deliciosas hamburguesas de pollo caseras y disfruta!', NULL, 14),
(102, '1', 'Calienta el aceite de oliva en una olla grande a fuego medio. Agrega la cebolla, el ajo, las zanahorias, el apio y el pimiento rojo. Cocina hasta que las verduras estén tiernas, aproximadamente de 5 a 7 minutos.', NULL, 15),
(103, '2', 'Agrega las lentejas enjuagadas y escurridas a la olla, junto con el caldo de verduras o caldo de pollo, los tomates en cubitos, el tomillo, el comino y la hoja de laurel. Lleva la mezcla a ebullición.', NULL, 15),
(104, '3', 'Reduce el fuego a bajo y cocina a fuego lento, tapando la olla parcialmente, durante aproximadamente 25-30 minutos, o hasta que las lentejas estén tiernas.', NULL, 15),
(105, '4', 'Retira la hoja de laurel y sazona la sopa con sal y pimienta al gusto.', NULL, 15),
(106, '5', 'Agrega las espinacas picadas a la olla y cocina por unos minutos hasta que se marchiten.', NULL, 15),
(107, '6', 'Sirve la sopa de lentejas caliente en tazones individuales. Si lo deseas, puedes espolvorear un poco de queso rallado por encima antes de servir.', NULL, 15),
(108, '1', 'Precalienta el horno a 180°C (350°F).', NULL, 16),
(109, '2', 'Lava los tomatillos verdes y colócalos en una olla con agua hirviendo. Cocina a fuego medio-alto hasta que estén suaves y hayan cambiado de color, aproximadamente 8-10 minutos. Retira del agua y deja enfriar.', NULL, 16),
(110, '3', 'Mientras los tomatillos se enfrían, puedes preparar el relleno de pollo. En un tazón, mezcla las pechugas de pollo desmenuzadas con 1/2 taza de salsa verde y 1/2 taza de queso rallado.', NULL, 16),
(111, '4', 'Para preparar la salsa verde, coloca los tomatillos cocidos, el chile jalapeño, el ajo, la cebolla, el cilantro, el jugo de limón, la sal y el azúcar (si lo usas) en una licuadora o procesador de alimentos. Mezcla hasta obtener una salsa suave y homogénea.', NULL, 16),
(112, '5', 'En una sartén antiadherente, calienta una cucharada de aceite a fuego medio-alto. Sumerge cada tortilla de maíz en la salsa verde para ablandarla y colócala en la sartén caliente. Cocina por unos segundos por cada lado, solo para que se ablanden, y luego colócalas en un plato.', NULL, 16),
(113, '6', 'Coloca aproximadamente 2 cucharadas del relleno de pollo en el centro de cada tortilla de maíz y enróllalas apretadamente. Coloca las enchiladas rellenas en un refractario para horno.', NULL, 16),
(114, '7', 'Cubre las enchiladas con el resto de la salsa verde y espolvorea el queso rallado restante por encima.', NULL, 16),
(115, '8', 'Hornea las enchiladas en el horno precalentado durante 15-20 minutos, o hasta que el queso esté derretido y burbujeante.', NULL, 16),
(116, '9', 'Sirve las enchiladas verdes calientes, decoradas con crema agria y hojas de cilantro fresco', NULL, 16),
(117, '1', 'Precalienta tu horno a 180°C (350°F) y engrasa y enharina un molde para pastel de 9 pulgadas.', NULL, 17),
(118, '2', 'En un tazón grande, mezcla las zanahorias ralladas, el azúcar y el aceite vegetal. Agrega los huevos uno a uno, batiendo bien después de cada adición.', NULL, 17),
(119, '3', 'En otro tazón, tamiza la harina, el polvo para hornear, el bicarbonato de sodio, la sal y la canela. Agrega los ingredientes secos a la mezcla de zanahoria y mezcla bien.', NULL, 17),
(120, '4', 'Vierte la masa en el molde preparado y hornea en el horno precalentado durante aproximadamente 35-40 minutos, o hasta que un palillo insertado en el centro del pastel salga limpio.', NULL, 17),
(121, '5', 'Retira el pastel del horno y déjalo enfriar en el molde durante unos 10 minutos, luego desmóldalo y déjalo enfriar completamente sobre una rejilla.', NULL, 17),
(122, '6', 'Si deseas, puedes preparar el glaseado de queso crema. En un tazón, bate el queso crema y la mantequilla hasta que estén suaves y cremosos. Agrega el azúcar glas en varias adiciones y sigue batiendo hasta obtener una consistencia suave. Finalmente, añade el extracto de vainilla y mezcla bien.', NULL, 17),
(123, '7', 'Una vez que el pastel esté completamente frío, puedes cubrirlo con el glaseado de queso crema, o simplemente decorarlo con zanahorias ralladas o nueces picadas, si lo deseas.', NULL, 17),
(124, '1', 'En un tazón grande, mezcla la mayonesa, la mostaza y el jugo de limón para hacer la salsa.', NULL, 18),
(125, '2', 'Agrega el atún escurrido al tazón con la salsa y mezcla bien para que el atún quede cubierto con la salsa.', NULL, 18),
(126, '3', 'Añade la cebolla picada, el apio, los pepinillos y las aceitunas al tazón y mezcla todo.', NULL, 18),
(127, '4', 'Sazona con sal y pimienta al gusto y vuelve a mezclar.', NULL, 18),
(128, '5', 'Divide la lechuga mixta en dos platos para servir.', NULL, 18),
(129, '6', 'Coloca la ensalada de atún encima de la lechuga en cada plato.', NULL, 18),
(130, '7', 'Sirve la ensalada de atún y disfrútala como una deliciosa comida o cena fresca y saludable.', NULL, 18),
(131, '1', 'Cocina la pasta al dente en una olla grande con agua hirviendo y sal, siguiendo las instrucciones del paquete. Escúrrela y reserva una taza del agua de cocción de la pasta.', NULL, 19),
(132, '2', 'Mientras se cuece la pasta, en una sartén grande a fuego medio-bajo, calienta un poco de aceite de oliva y añade la panceta o tocino. Cocina hasta que esté dorado y crujiente. Luego, agrega el ajo picado y cocina por 1 minuto hasta que esté fragante. Retira la sartén del fuego.', NULL, 19),
(133, '3', 'En un tazón grande, bate los huevos con la mitad del queso parmesano rallado y la mitad del queso pecorino rallado. Agrega una generosa cantidad de pimienta negra molida y mezcla bien.', NULL, 19),
(134, '4', 'Añade la pasta cocida y escurrida a la sartén con la panceta o tocino y el ajo. Remueve todo para que la pasta quede bien cubierta con la grasa de la panceta.', NULL, 19),
(135, '5', 'Luego, agrega la mezcla de huevo y queso a la sartén con la pasta caliente. Remueve rápidamente para que la salsa se espese y se mezcle con la pasta, pero sin que los huevos se cocinen demasiado y se conviertan en revuelto. Si la salsa está demasiado espesa, puedes agregar un poco del agua de cocción de la pasta reservada para aligerarla.', NULL, 19),
(136, '6', 'Sirve la pasta carbonara en platos individuales y espolvorea por encima el queso parmesano y pecorino rallados restantes. Añade más pimienta negra molida al gusto, y ¡a disfrutar de esta clásica y deliciosa receta de pasta carbonara!', NULL, 19),
(137, '1', 'Pela y corta el mango en trozos, desechando el hueso.', NULL, 20),
(138, '2', 'En una licuadora, coloca los trozos de mango, el yogur natural, la leche y la miel (si lo deseas).', NULL, 20),
(139, '3', 'Agrega hielo al gusto para obtener una consistencia más espesa y refrescante.', NULL, 20),
(140, '4', 'Licúa todo a velocidad alta hasta que obtengas una mezcla suave y homogénea.', NULL, 20),
(141, '5', 'Prueba el smoothie y ajusta la cantidad de miel si es necesario, según tu preferencia de dulzor.', NULL, 20),
(142, '6', 'Sirve en un vaso y disfruta de tu delicioso smoothie de mango.', NULL, 20),
(143, '1', 'Lava el arroz de sushi bajo agua fría hasta que el agua salga clara. Luego, cocínalo siguiendo las instrucciones del paquete o en una arrocera, usando las 2 1/4 tazas de agua.', NULL, 21),
(144, '2', 'Mientras el arroz se cocina, mezcla el vinagre de arroz, el azúcar y la sal en un tazón pequeño. Reserva.', NULL, 21),
(145, '3', 'Una vez que el arroz esté cocido, colócalo en un tazón grande y añade la mezcla de vinagre de arroz. Remueve suavemente el arroz con una cuchara de madera o una espátula de arroz, realizando movimientos de abajo hacia arriba, para distribuir la mezcla de vinagre de arroz de manera uniforme. Deja que el arroz se enfríe a temperatura ambiente.', NULL, 21),
(146, '4', 'Mientras tanto, prepara los ingredientes del relleno cortando el salmón, el aguacate y el pepino en tiras delgadas.', NULL, 21),
(147, '5', 'Para armar los rollos de sushi, coloca una hoja de alga nori sobre una esterilla de bambú para sushi (o envoltura de plástico si no tienes una esterilla) con el lado brillante hacia abajo.', NULL, 21),
(148, '6', 'Humedece tus manos con agua fría para evitar que el arroz se pegue y toma aproximadamente 1/4 de taza de arroz de sushi cocido. Extiende el arroz uniformemente sobre la hoja de alga nori, dejando un espacio vacío de aproximadamente 2 cm en el borde superior.', NULL, 21),
(149, '7', 'Coloca tiras de salmón, aguacate y pepino en el centro del arroz.', NULL, 21),
(150, '8', 'Usando la esterilla de bambú (o envoltura de plástico), enrolla el sushi firmemente, aplicando una ligera presión para asegurarte de que los ingredientes se mantengan en su lugar.', NULL, 21),
(151, '9', 'Repite el proceso para hacer más rollos de sushi.', NULL, 21),
(152, '10', 'Con un cuchillo afilado, corta cada rollo en rodajas de aproximadamente 2,5 cm de ancho.', NULL, 21),
(153, '11', 'Sirve el sushi de salmón con salsa de soja para mojar, y si lo deseas, wasabi y jengibre encurtido.', NULL, 21),
(154, '1', 'Limpia y lava el pulpo fresco. Puedes pedirle a tu pescadero que lo limpie y retire la piel externa, o hacerlo tú mismo en casa. Retira los ojos y la boca del pulpo, y enjuágalo bien bajo agua fría.', NULL, 22),
(155, '2', 'Hierve agua en una olla grande con una pizca de sal. Cuando el agua esté hirviendo, sumerge el pulpo en el agua y cocínalo a fuego medio-alto durante aproximadamente 30-45 minutos, o hasta que esté tierno. El tiempo de cocción puede variar dependiendo del tamaño del pulpo, así que asegúrate de probar la textura con un tenedor para asegurarte de que esté suave pero no excesivamente blando.', NULL, 22),
(156, '3', 'Una vez que el pulpo esté cocido, retíralo del agua y déjalo enfriar a temperatura ambiente. Luego, corta el pulpo en rodajas finas o en trozos pequeños, según tu preferencia, y colócalo en un tazón grande.', NULL, 22),
(157, '4', 'Agrega el jugo de limón y lima frescos al tazón con el pulpo. El ácido de los cítricos \"cocinará\" el pulpo, haciéndolo más tierno y dándole un delicioso sabor cítrico. Remueve bien para asegurarte de que el pulpo esté bien cubierto con el jugo de limón y lima. Deja reposar durante unos 10-15 minutos para que el pulpo se marine en los jugos cítricos.', NULL, 22),
(158, '5', 'Mientras el pulpo se marina, puedes preparar los otros ingredientes. Picar finamente la cebolla roja, el pimiento jalapeño y el cilantro. Si deseas agregar aguacate, pelarlo y cortarlo en cubos.', NULL, 22),
(159, '6', 'Después de marinar el pulpo, agrega la cebolla roja, el pimiento jalapeño y el cilantro al tazón con el pulpo. Agrega también el aceite de oliva extra virgen. Mezcla bien todos los ingredientes.', NULL, 22),
(160, '7', 'Prueba el ceviche de pulpo y ajusta la sazón con sal y pimienta al gusto.', NULL, 22),
(161, '8', 'Si deseas agregar aguacate, puedes hacerlo en este momento y mezclar suavemente para que los cubos de aguacate no se deshagan.', NULL, 22),
(162, '9', 'Sirve el ceviche de pulpo en platos individuales o en un tazón grande para compartir. Puedes decorar con hojas de cilantro.', NULL, 22),
(163, '1', 'Preparar el fuego en la parrilla y esperar a que las brasas estén en su punto adecuado para cocinar a fuego medio-alto.', NULL, 23),
(164, '2', 'Mientras tanto, sazonar la carne de res con sal gruesa por ambos lados. Esto se hace tradicionalmente en Argentina antes de cocinar la carne en la parrilla, y permite resaltar el sabor natural de la carne.', NULL, 23),
(165, '3', 'Colocar los chorizos y morcillas en la parrilla. Cocinarlos a fuego medio-alto hasta que estén bien cocidos y dorados por fuera. Los chorizos suelen cocinarse más rápido que las morcillas, así que puedes retirarlos antes si es necesario.', NULL, 23),
(166, '4', 'Agregar los cortes de carne de res a la parrilla. Cocinarlos a fuego medio-alto hasta que estén al punto de cocción deseado. El tiempo de cocción variará dependiendo del grosor de las piezas y del nivel de cocción que prefieras (punto, jugoso o bien cocido). Asegúrate de voltear la carne una vez durante la cocción para que se cocine de manera pareja por ambos lados.', NULL, 23),
(167, '5', 'En los últimos minutos de cocción, colocar una provoleta sobre cada corte de carne de res. Dejar que el queso se derrita ligeramente y se ponga burbujeante.', NULL, 23),
(168, '6', 'Retirar los chorizos, morcillas, cortes de carne de res y provoletas de la parrilla y colocarlos en una tabla de cortar para reposar durante unos minutos.', NULL, 23),
(169, '7', 'Cortar la carne de res en rodajas diagonales y servir en una fuente grande de servir, junto con los chorizos, morcillas y provoletas.', NULL, 23),
(170, '8', 'Acompañar con chimichurri, que es una salsa tradicional argentina hecha con perejil, ajo, vinagre, aceite de oliva y especias. Puedes servir el chimichurri en un tazón aparte o rociarlo sobre la carne antes de servir.', NULL, 23),
(171, '9', '¡Disfrutar de una deliciosa parrillada argentina junto a tus amigos y familiares!', NULL, 23),
(172, '1', 'Precalentar el horno a 180°C (350°F).', NULL, 24),
(173, '2', 'En una sartén grande a fuego medio-alto, calentar un poco de aceite de oliva. Añadir la cebolla, el ajo y la zanahoria rallada. Cocinar por unos 5 minutos hasta que estén tiernos.', NULL, 24),
(174, '3', 'Añadir la carne molida de res a la sartén y cocinar hasta que esté dorada y cocida completamente. Escurrir el exceso de grasa si es necesario.', NULL, 24),
(175, '4', 'Añadir el tomate triturado, la salsa de tomate, el azúcar, el orégano, la albahaca, el tomillo, la pimienta negra y la sal. Cocinar a fuego medio-bajo durante unos 15-20 minutos, revolviendo de vez en cuando. Luego, retirar del fuego y reservar.', NULL, 24),
(176, '5', 'En un tazón aparte, mezclar el queso ricotta, la mitad del queso mozzarella rallado, la mitad del queso parmesano rallado, el huevo, las hojas de albahaca fresca picada, sal y pimienta al gusto. Reservar.', NULL, 24),
(177, '6', 'En una olla grande, hervir agua con sal y cocinar las láminas de lasaña según las instrucciones del paquete hasta que estén al dente. Escurrir y enjuagar con agua fría para detener la cocción.', NULL, 24),
(178, '7', 'Ensamblar la lasaña: En una fuente para horno rectangular, colocar una capa delgada de la salsa de carne en el fondo. Luego, colocar una capa de láminas de lasaña cocidas encima. Luego, agregar una capa de la mezcla de queso ricotta reservada. Repetir estos pasos alternando capas de salsa de carne, láminas de lasaña y mezcla de queso ricotta, hasta que se agoten los ingredientes terminando con una capa de salsa de carne y queso.', NULL, 24),
(179, '8', 'Hornea la lasagna en el horno precalentado por unos 30-35 minutos, o hasta que esté caliente y burbujeante en los bordes.', NULL, 24),
(180, '9', 'Retira la lasagna del horno y deja reposar por unos minutos antes de cortarla y servirla. Decora con hojas de albahaca fresca si lo deseas.', NULL, 24),
(181, '1', 'Precalienta el horno a 180°C (350°F).', NULL, 25),
(182, '2', 'Coloca las pechugas de pollo entre dos hojas de papel plástico y golpéalas con un mazo de carne para aplanarlas hasta que tengan un grosor uniforme de aproximadamente 1 cm. Sazona las pechugas de pollo con sal y pimienta al gusto.', NULL, 25),
(183, '3', 'En tres platos separados, coloca la harina, los huevos batidos y una mezcla de pan rallado y queso parmesano rallado.', NULL, 25),
(184, '4', 'Pasa cada pechuga de pollo primero por la harina, luego por los huevos batidos y finalmente por la mezcla de pan rallado y queso parmesano, presionando ligeramente para que se adhiera bien la cobertura.', NULL, 25),
(185, '5', 'Calienta suficiente aceite de oliva en una sartén grande a fuego medio-alto. Agrega las pechugas de pollo empanizadas y fríe por unos 3-4 minutos por lado, o hasta que estén doradas y cocidas por completo. Transfiere las pechugas de pollo a un plato cubierto con papel absorbente para eliminar el exceso de aceite.', NULL, 25),
(186, '6', 'En una fuente para horno, coloca una capa delgada de salsa de tomate para pasta en el fondo. Luego, coloca las pechugas de pollo fritas encima.', NULL, 25),
(187, '7', 'Cubre las pechugas de pollo con una capa generosa de salsa de tomate para pasta y luego espolvorea el queso mozzarella rallado por encima.', NULL, 25),
(188, '8', 'Hornea el pollo a la parmesana en el horno precalentado por unos 15-20 minutos, o hasta que el queso esté derretido y burbujeante.', NULL, 25),
(189, '9', 'Retira del horno y deja reposar por unos minutos antes de servir. Decora con hojas de albahaca fresca si lo deseas.', NULL, 25),
(190, '1', 'En un tazón grande, bate las yemas de huevo con la mitad del azúcar hasta obtener una mezcla espumosa y de color claro.', NULL, 26),
(191, '2', 'Agrega el queso mascarpone a la mezcla de yemas de huevo y azúcar, y bate hasta que esté bien incorporado y suave.', NULL, 26),
(192, '3', 'En otro tazón limpio y seco, bate las claras de huevo a punto de nieve. Agrega el azúcar restante poco a poco, batiendo hasta obtener picos firmes.', NULL, 26),
(193, '4', 'Incorpora las claras de huevo batidas a la mezcla de mascarpone y yemas en forma suave y envolvente, para que la mezcla no pierda aire.', NULL, 26),
(194, '5', 'Mezcla el café espresso con el licor de café (si lo estás utilizando) en un plato hondo.', NULL, 26),
(195, '6', 'Remoja las galletas de savoiardi o soletillas brevemente en la mezcla de café y licor, asegurándote de que no se empapen demasiado para que no se deshagan.', NULL, 26),
(196, '7', 'Coloca una capa de las galletas remojadas en el fondo de un molde para servir.', NULL, 26),
(197, '8', 'Cubre las galletas con una capa de la mezcla de mascarpone y repite las capas alternando las galletas y la mezcla de mascarpone, terminando con una capa de mascarpone en la parte superior.', NULL, 26),
(198, '9', 'Espolvorea generosamente con cacao en polvo sobre la capa final de mascarpone.', NULL, 26),
(199, '10', 'Refrigera el tiramisú durante al menos 4 horas, o preferiblemente durante la noche, para que los sabores se mezclen y la textura se asiente.', NULL, 26),
(200, '11', 'Justo antes de servir, decora con chocolate rallado (si lo estás utilizando).', NULL, 26),
(201, '12', '¡Disfruta de tu delicioso tiramisú casero!', NULL, 26),
(202, '1', 'En una sartén grande, calienta 2 cucharadas de aceite vegetal a fuego alto. Agrega el lomo de res y saltea durante 3-4 minutos o hasta que esté dorado. Retira el lomo de la sartén y reserva.', NULL, 27),
(203, '2', 'Agrega las 2 cucharadas restantes de aceite vegetal a la sartén y agrega la cebolla, los tomates, los pimientos y el ajo. Cocina durante 3-4 minutos o hasta que las verduras estén tiernas pero aún crujientes.', NULL, 27),
(204, '3', 'Agrega la salsa de soja, el vinagre blanco, el aji amarillo molido y sal y pimienta al gusto. Cocina durante 2-3 minutos más.', NULL, 27),
(205, '4', 'Agrega el lomo de res de vuelta a la sartén y mezcla todo junto. Cocina durante 1-2 minutos más para que los sabores se integren.', NULL, 27),
(206, '5', 'Sirve el Lomo Saltado caliente, decorado con cilantro fresco picado y acompaña con papas fritas y arroz blanco cocido.', NULL, 27),
(207, '1', 'En un tazón, mezcla el jugo de limón, el jugo de naranja, el ajo picado, el comino, la paprika, la pimienta negra molida y la sal para marinar el pescado.', NULL, 28),
(208, '2', 'Coloca los filetes de pescado en la marinada y deja reposar durante al menos 30 minutos en el refrigerador.', NULL, 28),
(209, '3', 'Mientras tanto, prepara la salsa de yogur. En un tazón pequeño, mezcla el yogur, la mayonesa, el cilantro picado, el jugo de limón, la salsa picante (si lo deseas), la sal y la pimienta. Reserva en el refrigerador.', NULL, 28),
(210, '4', 'Calienta una parrilla o sartén a fuego medio-alto. Retira los filetes de pescado de la marinada y cocínalos en la parrilla o sartén caliente durante aproximadamente 3-4 minutos por cada lado, o hasta que estén cocidos y se desmenucen fácilmente con un tenedor.', NULL, 28),
(211, '5', 'Retira los filetes de pescado cocidos de la parrilla o sartén y déjalos reposar durante unos minutos antes de desmenuzarlos en trozos grandes.', NULL, 28),
(212, '6', 'Calienta las tortillas de maíz en una sartén o en el horno hasta que estén calientes y flexibles.', NULL, 28),
(213, '7', 'Para armar los tacos, coloca una porción de pescado desmenuzado en el centro de cada tortilla. Agrega repollo rallado o col picada finamente encima del pescado.', NULL, 28),
(214, '8', 'Espolvorea con un poco de salsa de yogur por encima y decora con rodajas de limón.', NULL, 28),
(215, '9', 'Sirve los tacos de pescado con más salsa de yogur y disfruta de esta deliciosa y fresca comida.', NULL, 28),
(216, '1', 'En una cazuela grande, calienta el aceite de oliva y 2 cucharadas de mantequilla a fuego medio. Añade la cebolla y el ajo, y cocina hasta que estén tiernos y fragantes, aproximadamente 3-4 minutos.', NULL, 29),
(217, '2', 'Agrega los champiñones a la cazuela y cocine hasta que se ablanden y se doren ligeramente, alrededor de 5-6 minutos. Reserva algunas rodajas de champiñones para decorar al final.', NULL, 29),
(218, '3', 'Añade el arroz Arborio a la cazuela y cocine durante 2-3 minutos, revolviendo constantemente, hasta que el arroz esté ligeramente dorado.', NULL, 29),
(219, '4', 'Agrega el vino blanco al arroz y cocina hasta que se haya absorbido por completo.', NULL, 29),
(220, '5', 'Comienza a añadir el caldo caliente, una taza a la vez, revolviendo constantemente y esperando a que se absorba antes de añadir más caldo. Continúa este proceso hasta que el arroz esté cocido al dente, lo que debería tomar aproximadamente 20 minutos.', NULL, 29),
(221, '6', 'Retira la cazuela del fuego y agrega el queso parmesano rallado y las 2 cucharadas restantes de mantequilla. Revuelve bien para que todo quede bien mezclado.', NULL, 29),
(222, '7', 'Sazona con sal y pimienta al gusto.', NULL, 29),
(223, '8', 'Sirve el risotto de champiñones caliente, decorado con las rodajas de champiñones reservadas y perejil fresco picado si lo deseas.', NULL, 29),
(224, '1', 'Prepara la masa de pizza: En un tazón grande, mezcla la harina, la levadura seca, la sal y el azúcar. Agrega el agua tibia y el aceite de oliva, y mezcla bien hasta que se forme una masa suave y elástica.', NULL, 30),
(225, '2', 'Amasa la masa en una superficie enharinada durante unos 5-7 minutos, o hasta que esté suave y elástica. Forma una bola con la masa y colócala en un tazón engrasado. Cubre con un paño húmedo y deja reposar durante aproximadamente 1 hora, o hasta que la masa haya duplicado su tamaño.', NULL, 30),
(226, '3', 'Precalienta el horno a 230°C (450°F) y coloca una piedra de pizza o una bandeja para hornear en el horno para que se caliente.', NULL, 30),
(227, '4', 'Una vez que la masa haya reposado y haya duplicado su tamaño, colócala en una superficie enharinada y amásala brevemente para quitar el exceso de aire. Luego, estírala con un rodillo para formar una base redonda o rectangular, según tus preferencias.', NULL, 30),
(228, '5', 'Transfiere la masa estirada a la piedra de pizza o a la bandeja para hornear caliente y añade la salsa de tomate sobre la superficie de la masa, dejando un borde de 1 cm sin cubrir. Luego, esparce el queso mozzarella rallado sobre la salsa.', NULL, 30),
(229, '6', 'Agrega el jamón de pierna cortado en cubos, las rodajas de piña y las rodajas finas de cebolla roja sobre la pizza.', NULL, 30),
(230, '7', 'Hornea la pizza en el horno precalentado durante unos 12-15 minutos, o hasta que los bordes estén dorados y el queso esté derretido y burbujeante.', NULL, 30),
(231, '8', 'Retira la pizza del horno y deja que se enfríe un poco antes de cortarla en porciones. Si lo deseas, puedes decorar la pizza con hojas de albahaca fresca antes de servirla.', NULL, 30);

-- --------------------------------------------------------

--
-- Estructura de tabla para la tabla `planeacion`
--

CREATE TABLE `planeacion` (
  `idplaneacion` int(11) NOT NULL
) ENGINE=InnoDB DEFAULT CHARSET=utf8;

--
-- Volcado de datos para la tabla `planeacion`
--

INSERT INTO `planeacion` (`idplaneacion`) VALUES
(1),
(2),
(3),
(4),
(5),
(6),
(7),
(8),
(9),
(10),
(11),
(12),
(13),
(14),
(15),
(16),
(17),
(18),
(19),
(20),
(21),
(22),
(23),
(24),
(25),
(26),
(27),
(28),
(29),
(30),
(31),
(32),
(33),
(34),
(35),
(36),
(37),
(38),
(39),
(40),
(41),
(42),
(43),
(44),
(45),
(46),
(47),
(48),
(49),
(50),
(51),
(52),
(53),
(54),
(55),
(56),
(57),
(58),
(59),
(60),
(61),
(62),
(63),
(64),
(65),
(66),
(67),
(68),
(69),
(70),
(71),
(72),
(73),
(74),
(75),
(76),
(77),
(78),
(79),
(80),
(81),
(82),
(83),
(84),
(85),
(86),
(87),
(88),
(89),
(90),
(91),
(92),
(93),
(94),
(95),
(96),
(97),
(98),
(99),
(100),
(101),
(102),
(103),
(104),
(105),
(106),
(107),
(108),
(109),
(110),
(111),
(112),
(113),
(114),
(115),
(116),
(117),
(118),
(119),
(120),
(121),
(122),
(123),
(124),
(125),
(126),
(127),
(128),
(129),
(130),
(131),
(132),
(133),
(134),
(135),
(136),
(137),
(138),
(139),
(140),
(141),
(142),
(143),
(144),
(145),
(146),
(147),
(148),
(149),
(150),
(151),
(152),
(153),
(154),
(155),
(156),
(157),
(158),
(159),
(160),
(161),
(162),
(163),
(164),
(165),
(166),
(167),
(168),
(169),
(170),
(171),
(172),
(173),
(174),
(175),
(176),
(177),
(178),
(179),
(180),
(181),
(182),
(183),
(184),
(185),
(186),
(187),
(188),
(189),
(190),
(191),
(192),
(193),
(194),
(195),
(196),
(197),
(198),
(199),
(200),
(201),
(202),
(203),
(204),
(205),
(206),
(207),
(208),
(209),
(210),
(211),
(212),
(213),
(214),
(215),
(216),
(217),
(218),
(219),
(220),
(221),
(222),
(223),
(224),
(225),
(226),
(227),
(228),
(229),
(230),
(231),
(232),
(233),
(234),
(235),
(236),
(237),
(238),
(239),
(240),
(241),
(242),
(243),
(244),
(245),
(246),
(247),
(248),
(249),
(250),
(251),
(252),
(253),
(254),
(255),
(256),
(257),
(258),
(259),
(260),
(261),
(262),
(263),
(264),
(265),
(266),
(267),
(268),
(269),
(270),
(271),
(272),
(273),
(274),
(275),
(276),
(277),
(278),
(279),
(280),
(281),
(282),
(283),
(284),
(285),
(286),
(287),
(288),
(289),
(290),
(291),
(292),
(293),
(294),
(295),
(296),
(297),
(298),
(299),
(300),
(301),
(302),
(303),
(304),
(305),
(306),
(307),
(308),
(309),
(310),
(311),
(312),
(313),
(314),
(315),
(316),
(317),
(318),
(319),
(320),
(321),
(322),
(323),
(324),
(325),
(326),
(327),
(328),
(329),
(330),
(331),
(332),
(333),
(334),
(335),
(336),
(337),
(338),
(339),
(340),
(341),
(342),
(343),
(344),
(345),
(346),
(347),
(348),
(349),
(350),
(351),
(352),
(353),
(354),
(355),
(356),
(357),
(358),
(359),
(360),
(361),
(362),
(363),
(364),
(365),
(366),
(367),
(368),
(369),
(370),
(371),
(372),
(373),
(374),
(375),
(376),
(377),
(378),
(379),
(380),
(381),
(382),
(383),
(384),
(385),
(386),
(387),
(388),
(389),
(390),
(391),
(392),
(393),
(394),
(395),
(396),
(397),
(398),
(399),
(400),
(401),
(402),
(403),
(404),
(405),
(406),
(407),
(408),
(409),
(410),
(411),
(412),
(413),
(414),
(415),
(416),
(417),
(418),
(419),
(420),
(421),
(422),
(423),
(424),
(425),
(426),
(427),
(428),
(429),
(430),
(431),
(432),
(433),
(434),
(435),
(436),
(437),
(438),
(439),
(440),
(441),
(442),
(443),
(444),
(445),
(446),
(447),
(448),
(449),
(450),
(451),
(452),
(453),
(454),
(455),
(456),
(457),
(458),
(459),
(460),
(461),
(462),
(463),
(464),
(465),
(466),
(467),
(468),
(469),
(470),
(471),
(472),
(473),
(474),
(475),
(476),
(477),
(478),
(479),
(480),
(481),
(482),
(483),
(484),
(485),
(486),
(487),
(488),
(489),
(490),
(491),
(492),
(493),
(494),
(495),
(496),
(497),
(498),
(499),
(500);

-- --------------------------------------------------------

--
-- Estructura de tabla para la tabla `recetas`
--

CREATE TABLE `recetas` (
  `idRecetas` int(11) NOT NULL,
  `nombre` varchar(45) NOT NULL,
  `duracion` varchar(45) NOT NULL,
  `tiempo_comida` varchar(45) NOT NULL,
  `tiempo_receta` varchar(45) NOT NULL,
  `porciones` varchar(45) NOT NULL,
  `Usuarios_correo` varchar(255) NOT NULL,
  `calificacion` int(11) DEFAULT NULL,
  `imagen` longblob NOT NULL
) ENGINE=InnoDB DEFAULT CHARSET=utf8;

--
-- Volcado de datos para la tabla `recetas`
--

INSERT INTO `recetas` (`idRecetas`, `nombre`, `duracion`, `tiempo_comida`, `tiempo_receta`, `porciones`, `Usuarios_correo`, `calificacion`, `imagen`) VALUES
(1, 'Pancakes de Arándanos', '30 minutos', 'desayuno', 'principal', '4', 'juanperez1234@gmail.com', 5, ''),
(2, 'Ensalada César', '15 minutos', 'comida', 'entrada', '2', 'juanperez1234@gmail.com', 4, ''),
(3, 'Sopa de Tomate', '40 minutos', 'comida', 'entrada', '6', 'juanperez1234@gmail.com', 3, ''),
(4, 'Smoothie de Frutas', '5 minutos', 'merienda', 'bebida', '1', 'juanperez1234@gmail.com', 5, ''),
(5, 'Lomo de Cerdo al Horno', '120 minutos', 'cena', 'principal', '6', 'juanperez1234@gmail.com', 4, ''),
(6, 'Pastel de Chocolate', '90 minutos', 'postre', 'postre', '8', 'juanperez1234@gmail.com', 4, ''),
(7, 'Tacos de Carnitas', '2 horas', 'comida', 'principal', '4', 'juanperez1234@gmail.com', 5, ''),
(8, 'Ensalada de Quinoa', '20 minutos', 'almuerzo', 'ensalada', '3', 'juanperez1234@gmail.com', 4, ''),
(9, 'Pasta Alfredo con Pollo', '45 minutos', 'comida', 'principal', '6', 'juanperez1234@gmail.com', 3, ''),
(10, 'Smoothie Verde Detox', '10 minutos', 'desayuno', 'bebida', '1', 'juanperez1234@gmail.com', 5, ''),
(11, 'Pizza Margherita', '45 minutos', 'cena', 'principal', '8', 'juanperez1234@gmail.com', 4, ''),
(12, 'Tarta de Manzana', '1 hora 30 minutos', 'postre', 'postre', '6', 'juanperez1234@gmail.com', 4, ''),
(13, 'Ceviche de Camarón', '20 minutos', 'comida', 'entrada', '4', 'juanperez1234@gmail.com', 0, ''),
(14, 'Hamburguesa de Pollo', '30 minutos', 'comida', 'principal', '4', 'juanperez1234@gmail.com', 3, ''),
(15, 'Sopa de Lentejas', '50 minutos', 'comida', 'entrada', '6', 'juanperez1234@gmail.com', 4, ''),
(16, 'Enchiladas Verdes', '1 hora', 'cena', 'principal', '4', 'mariarod9876@gmail.com', 4, ''),
(17, 'Pastel de Zanahoria', '1 hora 15 minutos', 'postre', 'postre', '10', 'mariarod9876@gmail.com', 3, ''),
(18, 'Ensalada de Atún', '15 minutos', 'almuerzo', 'ensalada', '2', 'mariarod9876@gmail.com', 4, ''),
(19, 'Pasta Carbonara', '25 minutos', 'comida', 'principal', '4', 'mariarod9876@gmail.com', 2, ''),
(20, 'Smoothie de Mango', '5 minutos', 'merienda', 'bebida', '1', 'mariarod9876@gmail.com', 5, ''),
(21, 'Sushi de Salmón', '30 minutos', 'cena', 'principal', '4', 'mariarod9876@gmail.com', 4, ''),
(22, 'Ceviche de Pulpo', '20 minutos', 'comida', 'entrada', '4', 'pedrogomez12@gmail.com', 5, ''),
(23, 'Parrillada Argentina', '1 hora 30 minutos', 'cena', 'principal', '6', 'pedrogomez12@gmail.com', 4, ''),
(24, 'Lasagna de Carne', '1 hora', 'comida', 'principal', '8', 'pedrogomez12@gmail.com', 3, ''),
(25, 'Pollo a la Parmesana', '40 minutos', 'cena', 'principal', '4', 'pedrogomez12@gmail.com', 4, ''),
(26, 'Tiramisú', '30 minutos', 'postre', 'postre', '6', 'pedrogomez12@gmail.com', 4, ''),
(27, 'Lomo Saltado', '40 minutos', 'cena', 'principal', '4', 'pedrogomez12@gmail.com', 5, ''),
(28, 'Tacos de Pescado', '25 minutos', 'cena', 'principal', '4', 'pedrogomez12@gmail.com', 4, ''),
(29, 'Risotto de Champiñones', '40 minutos', 'cena', 'principal', '4', 'anamartinp@gmail.com', 4, ''),
(30, 'Pizza Hawaiana', '45 minutos', 'cena', 'principal', '8', 'anamartinp@gmail.com', 4, '');

-- --------------------------------------------------------

--
-- Estructura de tabla para la tabla `recetas_has_ingredientes`
--

CREATE TABLE `recetas_has_ingredientes` (
  `Recetas_idRecetas` int(11) NOT NULL,
  `Ingredientes_idIngredientes` int(11) NOT NULL,
  `cantidad` float NOT NULL,
  `unidad_medida` varchar(45) NOT NULL
) ENGINE=InnoDB DEFAULT CHARSET=utf8;

--
-- Volcado de datos para la tabla `recetas_has_ingredientes`
--

INSERT INTO `recetas_has_ingredientes` (`Recetas_idRecetas`, `Ingredientes_idIngredientes`, `cantidad`, `unidad_medida`) VALUES
(1, 84, 2, 'Taza(s)'),
(1, 112, 1.5, 'Taza(s)'),
(1, 145, 2, 'Taza(s)'),
(1, 235, 2, 'Cucharada(s)'),
(1, 248, 1, 'Cucharadita(s)'),
(1, 301, 2, 'Cucharadita(s)'),
(1, 302, 1, 'Cucharadita(s)'),
(1, 303, 0.5, 'Cucharadita(s)'),
(1, 304, 2, 'Pieza(s)'),
(1, 305, 100, 'Gramos'),
(2, 117, 0.25, 'Taza(s)'),
(2, 306, 1, 'Pieza(s)'),
(2, 307, 0.5, 'Taza(s)'),
(3, 1, 1, 'Pieza(s)'),
(3, 7, 1, 'Pieza(s)'),
(3, 9, 1, 'Pieza(s)'),
(3, 15, 2, 'Kilogramo(s)'),
(3, 39, 0.25, 'Taza(s)'),
(3, 117, 0.25, 'Taza(s)'),
(3, 235, 1, 'Cucharadita(s)'),
(3, 303, 1, 'Cucharadita(s)'),
(3, 308, 2, 'Pieza(s)'),
(3, 309, 4, 'Taza(s)'),
(3, 310, 0.5, 'Cucharadita(s)'),
(3, 311, 0.25, 'Cucharadita(s)'),
(3, 312, 0.25, 'Cucharadita(s)'),
(3, 313, 0.25, 'Taza(s)'),
(4, 57, 1, 'Pieza(s)'),
(4, 62, 0.5, 'Taza(s)'),
(4, 64, 0.5, 'Taza(s)'),
(4, 239, 1, 'Cucharadita(s)'),
(5, 41, 2, 'Cucharadita(s)'),
(5, 45, 2, 'Cucharadita(s)'),
(5, 207, 2, 'Kilogramo(s)'),
(5, 208, 4, 'Pieza(s)'),
(5, 285, 0.5, 'Taza(s)'),
(5, 303, 2, 'Cucharadita(s)'),
(5, 310, 1, 'Cucharadita(s)'),
(5, 313, 2, 'Cucharada(s)'),
(5, 316, 1, 'Taza(s)'),
(6, 235, 200, 'Gramos'),
(6, 245, 200, 'Gramos'),
(6, 248, 1, 'Cucharadita(s)'),
(6, 303, 0.5, 'Cucharadita(s)'),
(6, 304, 4, 'Pieza(s)'),
(6, 317, 200, 'Gramos'),
(6, 318, 1, 'Cucharadita(s)'),
(6, 319, 200, 'Gramos'),
(7, 40, 1, 'Cucharadita(s)'),
(7, 58, 1, 'Pieza(s)'),
(7, 213, 1, 'Kilogramo(s)'),
(7, 276, 2, 'Taza(s)'),
(7, 303, 1, 'Cucharadita(s)'),
(7, 310, 1, 'Cucharadita(s)'),
(7, 311, 1, 'Cucharadita(s)'),
(7, 320, 1, 'Cucharada(s)'),
(7, 321, 1, 'Pieza(s)'),
(7, 322, 20, 'Pieza(s)'),
(8, 1, 1, 'Pieza(s)'),
(8, 5, 1, 'Pieza(s)'),
(8, 7, 0.5, 'Pieza(s)'),
(8, 13, 1, 'Pieza(s)'),
(8, 68, 1, 'Pieza(s)'),
(8, 313, 2, 'Cucharada(s)'),
(8, 323, 1, 'Taza(s)'),
(8, 324, 0.25, 'Taza(s)'),
(9, 114, 2, 'Taza(s)'),
(9, 117, 2, 'Taza(s)'),
(9, 178, 500, 'Gramos'),
(9, 253, 0.5, 'Cucharadita(s)'),
(9, 308, 4, 'Pieza(s)'),
(9, 317, 1, 'Taza(s)'),
(9, 325, 500, 'Gramos'),
(10, 3, 0.5, 'Taza(s)'),
(10, 13, 0.5, 'Taza(s)'),
(10, 28, 1, 'Cucharada(s)'),
(10, 57, 0.5, 'Pieza(s)'),
(10, 63, 0.5, 'Taza(s)'),
(10, 68, 0.5, 'Pieza(s)'),
(10, 326, 0.5, 'Taza(s)'),
(11, 15, 800, 'Gramos(s)'),
(11, 39, 1, 'Pieza(s)'),
(11, 40, 1, 'Cucharadita(s)'),
(11, 116, 400, 'Gramos'),
(11, 145, 500, 'Gramos'),
(11, 235, 10, 'Gramos'),
(11, 276, 325, 'Mililitros'),
(11, 303, 10, 'Gramos'),
(11, 308, 2, 'Pieza(s)'),
(11, 313, 1, 'Cucharadita(s)'),
(11, 318, 10, 'Gramos'),
(12, 56, 5, 'Pieza(s)'),
(12, 145, 200, 'Gramos'),
(12, 235, 100, 'Gramos'),
(12, 250, 1, 'Cucharadita(s)'),
(12, 253, 1, 'Pizca(s)'),
(12, 276, 1, 'Cucharada(s)'),
(12, 303, 1, 'Pizca(s)'),
(12, 304, 1, 'Pieza(s)'),
(12, 305, 100, 'Gramos'),
(12, 327, 1, 'Cucharada(s)'),
(12, 328, 2, 'Cucharada(s)'),
(13, 15, 1, 'Pieza(s)'),
(13, 37, 0.25, 'Taza(s)'),
(13, 77, 1, 'Pieza(s)'),
(13, 272, 500, 'Gramos'),
(13, 303, 1, 'Cucharadita(s)'),
(13, 310, 0.5, 'Cucharadita(s)'),
(13, 327, 0.5, 'Taza(s)'),
(13, 329, 0.5, 'Taza(s)'),
(13, 330, 1, 'Pieza(s)'),
(13, 331, 1, 'Pieza(s)'),
(14, 7, 0.25, 'Taza(s)'),
(14, 36, 0.25, 'Taza(s)'),
(14, 303, 1, 'Cucharadita(s)'),
(14, 304, 1, 'Pieza(s)'),
(14, 308, 2, 'Pieza(s)'),
(14, 310, 0.5, 'Cucharadita(s)'),
(14, 332, 4, 'Pieza(s)'),
(14, 333, 0.25, 'Taza(s)'),
(14, 334, 500, 'Gramos'),
(15, 1, 2, 'Pieza(s)'),
(15, 3, 2, 'Taza(s)'),
(15, 5, 1, 'Pieza(s)'),
(15, 7, 1, 'Pieza(s)'),
(15, 14, 2, 'Pieza(s)'),
(15, 45, 1, 'Cucharadita(s)'),
(15, 294, 1, 'Taza(s)'),
(15, 308, 3, 'Pieza(s)'),
(15, 309, 8, 'Taza(s)'),
(15, 311, 1, 'Cucharadita(s)'),
(15, 313, 2, 'Cucharada(s)'),
(15, 321, 1, 'Taza(s)'),
(15, 335, 1, 'Pieza(s)'),
(16, 7, 0.5, 'Pieza(s)'),
(16, 37, 0.5, 'Taza(s)'),
(16, 303, 1, 'Cucharadita(s)'),
(16, 308, 1, 'Pieza(s)'),
(16, 322, 12, 'Pieza(s)'),
(16, 327, 1, 'Cucharada(s)'),
(16, 330, 1, 'Pieza(s)'),
(16, 336, 2, 'Pieza(s)'),
(16, 337, 1, 'Taza(s)'),
(16, 338, 450, 'Gramos'),
(17, 1, 2, 'Taza(s)'),
(17, 145, 2, 'Taza(s)'),
(17, 250, 2, 'Cucharadita(s)'),
(17, 301, 2, 'Cucharadita(s)'),
(17, 302, 0.5, 'Cucharadita(s)'),
(17, 303, 0.5, 'Cucharadita(s)'),
(17, 304, 4, 'Pieza(s)'),
(17, 339, 1, 'Taza(s)'),
(17, 340, 0.5, 'Taza(s)'),
(18, 11, 2, 'Taza(s)'),
(18, 14, 1, 'Pieza(s)'),
(18, 263, 150, 'Gramos'),
(18, 327, 1, 'Cucharada(s)'),
(18, 331, 0.25, 'Pieza(s)'),
(18, 341, 0.5, 'Taza(s)'),
(18, 342, 1, 'Cucharada(s)'),
(18, 343, 0.25, 'Taza(s)'),
(18, 344, 0.25, 'Taza(s)'),
(19, 117, 0.5, 'Taza(s)'),
(19, 214, 200, 'Gramos'),
(19, 304, 4, 'Pieza(s)'),
(19, 308, 5, 'Pieza(s)'),
(19, 325, 400, 'Gramos'),
(20, 64, 1, 'Pieza(s)'),
(20, 112, 0.5, 'Taza(s)'),
(20, 239, 1, 'Cucharada(s)'),
(20, 314, 0.5, 'Taza(s)'),
(21, 13, 1, 'Pieza(s)'),
(21, 77, 1, 'Pieza(s)'),
(21, 235, 2, 'Cucharada(s)'),
(21, 276, 2.25, 'Taza(s)'),
(21, 303, 1, 'Cucharadita(s)'),
(21, 345, 2, 'Taza(s)'),
(21, 346, 0.25, 'Taza(s)'),
(21, 347, 1, 'Pieza(s)'),
(21, 348, 4, 'Pieza(s)'),
(22, 5, 1, 'Pieza(s)'),
(22, 37, 0.5, 'Taza(s)'),
(22, 77, 1, 'Pieza(s)'),
(22, 270, 1, 'Pieza(s)'),
(22, 313, 2, 'Cucharada(s)'),
(22, 327, 0.5, 'Taza(s)'),
(22, 331, 1, 'Pieza(s)'),
(22, 349, 0.5, 'Taza(s)'),
(23, 169, 1, 'Kilogramo(s)'),
(23, 350, 1, 'Kilogramo(s)'),
(23, 351, 1, 'Kilogramo(s)'),
(23, 352, 6, 'Pieza(s)'),
(24, 1, 1, 'Pieza(s)'),
(24, 7, 1, 'Pieza(s)'),
(24, 39, 1, 'Cucharadita(s)'),
(24, 40, 1, 'Cucharadita(s)'),
(24, 45, 1, 'Cucharadita(s)'),
(24, 116, 2, 'Taza(s)'),
(24, 117, 1, 'Taza(s)'),
(24, 126, 2, 'Taza(s)'),
(24, 153, 500, 'Gramos'),
(24, 235, 2, 'Cucharadita(s)'),
(24, 303, 0.5, 'Cucharadita(s)'),
(24, 304, 1, 'Pieza(s)'),
(24, 308, 3, 'Pieza(s)'),
(24, 310, 0.5, 'Cucharadita(s)'),
(24, 335, 1, 'Pieza(s)'),
(24, 353, 16, 'Pieza(s)'),
(24, 354, 400, 'Gramos'),
(24, 355, 0.25, 'Taza(s)'),
(25, 116, 2, 'Taza(s)'),
(25, 117, 0.5, 'Taza(s)'),
(25, 145, 0.5, 'Taza(s)'),
(25, 178, 4, 'Pieza(s)'),
(25, 304, 2, 'Pieza(s)'),
(25, 333, 1, 'Taza(s)'),
(25, 354, 2, 'Taza(s)'),
(26, 235, 150, 'Gramos'),
(26, 304, 6, 'Pieza(s)'),
(26, 356, 500, 'Gramos'),
(26, 357, 300, 'Mililitros'),
(26, 358, 150, 'Mililitros'),
(26, 359, 30, 'Pieza(s)'),
(27, 5, 1, 'Pieza(s)'),
(27, 15, 2, 'Pieza(s)'),
(27, 37, 0.25, 'Taza(s)'),
(27, 308, 3, 'Pieza(s)'),
(27, 331, 1, 'Pieza(s)'),
(27, 340, 4, 'Cucharada(s)'),
(27, 360, 450, 'Gramos'),
(27, 361, 1, 'Pieza(s)'),
(27, 362, 0.25, 'Taza(s)'),
(27, 363, 0.25, 'Taza(s)'),
(27, 364, 2, 'Cucharadita(s)'),
(28, 113, 0.25, 'Taza(s)'),
(28, 303, 1, 'Cucharadita(s)'),
(28, 310, 1, 'Cucharadita(s)'),
(28, 311, 0.5, 'Cucharadita(s)'),
(28, 327, 0.25, 'Taza(s)'),
(28, 341, 2, 'Pieza(s)'),
(28, 365, 500, 'Gramos'),
(28, 366, 1, 'Cucharadita(s)'),
(29, 7, 1, 'Pieza(s)'),
(29, 16, 10, 'Pieza(s)'),
(29, 117, 0.5, 'Taza(s)'),
(29, 285, 1, 'Taza(s)'),
(29, 305, 4, 'Cucharada(s)'),
(29, 308, 3, 'Pieza(s)'),
(29, 309, 4, 'Taza(s)'),
(29, 313, 2, 'Cucharada(s)'),
(29, 367, 2, 'Taza(s)'),
(30, 63, 200, 'Gramos'),
(30, 116, 2, 'Taza(s)'),
(30, 145, 500, 'Gramos'),
(30, 235, 1, 'Cucharadita(s)'),
(30, 276, 325, 'Mililitros'),
(30, 303, 1, 'Cucharadita(s)'),
(30, 313, 2, 'Cucharada(s)'),
(30, 318, 7, 'Gramos'),
(30, 331, 0.5, 'Pieza(s)'),
(30, 354, 1, 'Taza(s)'),
(30, 368, 200, 'Gramos');

-- --------------------------------------------------------

--
-- Estructura de tabla para la tabla `recetas_has_planeacion`
--

CREATE TABLE `recetas_has_planeacion` (
  `recetas_idRecetas` int(11) NOT NULL,
  `recetas_Usuarios_correo` varchar(255) NOT NULL,
  `planeacion_idplaneacion` int(11) NOT NULL,
  `no_porciones` varchar(45) NOT NULL
) ENGINE=InnoDB DEFAULT CHARSET=utf8;

--
-- Volcado de datos para la tabla `recetas_has_planeacion`
--

INSERT INTO `recetas_has_planeacion` (`recetas_idRecetas`, `recetas_Usuarios_correo`, `planeacion_idplaneacion`, `no_porciones`) VALUES
(1, 'juanperez1234@gmail.com', 1, '3');

-- --------------------------------------------------------

--
-- Estructura de tabla para la tabla `usuarios`
--

CREATE TABLE `usuarios` (
  `correo` varchar(255) NOT NULL,
  `clave` varchar(45) NOT NULL,
  `nombre` varchar(45) NOT NULL,
  `planeacion_idplaneacion` int(11) NOT NULL
) ENGINE=InnoDB DEFAULT CHARSET=utf8;

--
-- Volcado de datos para la tabla `usuarios`
--

INSERT INTO `usuarios` (`correo`, `clave`, `nombre`, `planeacion_idplaneacion`) VALUES
('alejandramen123@gmail.com', 'letsgo123', 'Alejandra Méndez', 22),
('anakareninamy@gmail.com', 'mypass123', 'Ana Karenina', 12),
('anamartinp@gmail.com', 'p@ssw0rd', 'Ana Martínez', 4),
('andreslopez32@gmail.com', '98765432', 'Andrés López', 15),
('carlosherr8765@gmail.com', '87654321', 'Carlos Herrera', 7),
('carolinarampass@gmail.com', 'passpass', 'Carolina Ramírez', 20),
('danielaherrlet@gmail.com', 'letmein', 'Daniela Herrera', 16),
('fernandocas12@gmail.com', '1q2w3e4r', 'Fernando Castro', 19),
('gabrielagonza@gmail.com', 'iloveyou', 'Gabriela González', 26),
('gabrielajimen1@gmail.com', 'password1', 'Gabriela Jiménez', 10),
('jorgefernaui@gmail.com', 'qwertyui', 'Jorge Fernández', 9),
('juanperez1234@gmail.com', 'pass1234', 'Juan Pérez', 1),
('lauraramirez45@gmail.com', 'mypassword', 'Laura Ramírez', 6),
('luissanchez78@gmail.com', '12345678', 'Luis Sánchez', 5),
('manuelsilva23@gmail.com', 'qwerty123', 'Manuel Silva', 23),
('mariarod9876@gmail.com', '9876pass', 'María Rodríguez', 2),
('marioperez45@gmail.com', '555666777', 'Mario Pérez', 27),
('martintorre12@gmail.com', '1234abcd', 'Martín Torres', 11),
('miguelrios12@gmail.com', 'abc12345', 'Miguel Ríos', 21),
('paolanavarro12@gmail.com', 'qazwsxedc', 'Paola Navarro', 14),
('patriciaochoa1@gmail.com', '789456123', 'Patricia Ochoa', 24),
('pedrogomez12@gmail.com', 'abcdef12', 'Pedro Gómez', 3),
('rauldiazilove@gmail.com', 'ilovecoding', 'Raúl Díaz', 13),
('ricardosalgad12@gmail.com', 'mypassword123', 'Ricardo Salgado', 25),
('robertosoto90@gmail.com', '1234567890', 'Roberto Soto', 17),
('sandraguzm123@gmail.com', 'abcd1234', 'Sandra Guzmán', 28),
('sofiavargas01@gmail.com', 'secretpass', 'Sofía Vargas', 8),
('usuario100@gmail.com', 'qwertyui', 'Nombre100 Apellido100', 100),
('usuario101@gmail.com', 'password1', 'Nombre101 Apellido101', 101),
('usuario102@gmail.com', '1234abcd', 'Nombre102 Apellido102', 102),
('usuario103@gmail.com', 'mypass123', 'Nombre103 Apellido103', 103),
('usuario104@gmail.com', 'ilovecoding', 'Nombre104 Apellido104', 104),
('usuario105@gmail.com', 'qazwsxedc', 'Nombre105 Apellido105', 105),
('usuario106@gmail.com', '98765432', 'Nombre106 Apellido106', 106),
('usuario107@gmail.com', 'letmein', 'Nombre107 Apellido107', 107),
('usuario108@gmail.com', '1234567890', 'Nombre108 Apellido108', 108),
('usuario109@gmail.com', 'hello123', 'Nombre109 Apellido109', 109),
('usuario110@gmail.com', '1q2w3e4r', 'Nombre110 Apellido110', 110),
('usuario111@gmail.com', 'passpass', 'Nombre111 Apellido111', 111),
('usuario112@gmail.com', 'abc12345', 'Nombre112 Apellido112', 112),
('usuario113@gmail.com', 'letsgo123', 'Nombre113 Apellido113', 113),
('usuario114@gmail.com', 'qwerty123', 'Nombre114 Apellido114', 114),
('usuario115@gmail.com', '789456123', 'Nombre115 Apellido115', 115),
('usuario116@gmail.com', 'mypassword123', 'Nombre116 Apellido116', 116),
('usuario117@gmail.com', 'iloveyou', 'Nombre117 Apellido117', 117),
('usuario118@gmail.com', '555666777', 'Nombre118 Apellido118', 118),
('usuario119@gmail.com', 'abcd1234', 'Nombre119 Apellido119', 119),
('usuario120@gmail.com', 'password123', 'Nombre120 Apellido120', 120),
('usuario121@gmail.com', 'pass1234', 'Nombre121 Apellido121', 121),
('usuario122@gmail.com', '9876pass', 'Nombre122 Apellido122', 122),
('usuario123@gmail.com', 'abcdef12', 'Nombre123 Apellido123', 123),
('usuario124@gmail.com', 'p@ssw0rd', 'Nombre124 Apellido124', 124),
('usuario125@gmail.com', '12345678', 'Nombre125 Apellido125', 125),
('usuario126@gmail.com', 'mypassword', 'Nombre126 Apellido126', 126),
('usuario127@gmail.com', '87654321', 'Nombre127 Apellido127', 127),
('usuario128@gmail.com', 'secretpass', 'Nombre128 Apellido128', 128),
('usuario129@gmail.com', 'qwertyui', 'Nombre129 Apellido129', 129),
('usuario130@gmail.com', 'password1', 'Nombre130 Apellido130', 130),
('usuario131@gmail.com', '1234abcd', 'Nombre131 Apellido131', 131),
('usuario132@gmail.com', 'mypass123', 'Nombre132 Apellido132', 132),
('usuario133@gmail.com', 'ilovecoding', 'Nombre133 Apellido133', 133),
('usuario134@gmail.com', 'qazwsxedc', 'Nombre134 Apellido134', 134),
('usuario135@gmail.com', '98765432', 'Nombre135 Apellido135', 135),
('usuario136@gmail.com', 'letmein', 'Nombre136 Apellido136', 136),
('usuario137@gmail.com', '1234567890', 'Nombre137 Apellido137', 137),
('usuario138@gmail.com', 'hello123', 'Nombre138 Apellido138', 138),
('usuario139@gmail.com', '1q2w3e4r', 'Nombre139 Apellido139', 139),
('usuario140@gmail.com', 'passpass', 'Nombre140 Apellido140', 140),
('usuario141@gmail.com', 'abc12345', 'Nombre141 Apellido141', 141),
('usuario142@gmail.com', 'letsgo123', 'Nombre142 Apellido142', 142),
('usuario143@gmail.com', 'qwerty123', 'Nombre143 Apellido143', 143),
('usuario144@gmail.com', '789456123', 'Nombre144 Apellido144', 144),
('usuario145@gmail.com', 'mypassword123', 'Nombre145 Apellido145', 145),
('usuario146@gmail.com', 'iloveyou', 'Nombre146 Apellido146', 146),
('usuario147@gmail.com', '555666777', 'Nombre147 Apellido147', 147),
('usuario148@gmail.com', 'abcd1234', 'Nombre148 Apellido148', 148),
('usuario149@gmail.com', 'password123', 'Nombre149 Apellido149', 149),
('usuario150@gmail.com', 'samantha123', 'Nombre150 Apellido150', 150),
('usuario151@gmail.com', 'rodrigo123', 'Nombre151 Apellido151', 151),
('usuario152@gmail.com', 'valeria123', 'Nombre152 Apellido152', 152),
('usuario153@gmail.com', 'pass1234', 'Nombre153 Apellido153', 153),
('usuario154@gmail.com', '9876pass', 'Nombre154 Apellido154', 154),
('usuario155@gmail.com', 'abcdef12', 'Nombre155 Apellido155', 155),
('usuario156@gmail.com', 'p@ssw0rd', 'Nombre156 Apellido156', 156),
('usuario157@gmail.com', '12345678', 'Nombre157 Apellido157', 157),
('usuario158@gmail.com', 'mypassword', 'Nombre158 Apellido158', 158),
('usuario159@gmail.com', '87654321', 'Nombre159 Apellido159', 159),
('usuario160@gmail.com', 'secretpass', 'Nombre160 Apellido160', 160),
('usuario161@gmail.com', 'qwertyui', 'Nombre161 Apellido161', 161),
('usuario162@gmail.com', 'password1', 'Nombre162 Apellido162', 162),
('usuario163@gmail.com', '1234abcd', 'Nombre163 Apellido163', 163),
('usuario164@gmail.com', 'mypass123', 'Nombre164 Apellido164', 164),
('usuario165@gmail.com', 'ilovecoding', 'Nombre165 Apellido165', 165),
('usuario166@gmail.com', 'qazwsxedc', 'Nombre166 Apellido166', 166),
('usuario167@gmail.com', '98765432', 'Nombre167 Apellido167', 167),
('usuario168@gmail.com', 'letmein', 'Nombre168 Apellido168', 168),
('usuario169@gmail.com', '1234567890', 'Nombre169 Apellido169', 169),
('usuario170@gmail.com', 'hello123', 'Nombre170 Apellido170', 170),
('usuario171@gmail.com', '1q2w3e4r', 'Nombre171 Apellido171', 171),
('usuario172@gmail.com', 'passpass', 'Nombre172 Apellido172', 172),
('usuario173@gmail.com', 'abc12345', 'Nombre173 Apellido173', 173),
('usuario174@gmail.com', 'letsgo123', 'Nombre174 Apellido174', 174),
('usuario175@gmail.com', 'qwerty123', 'Nombre175 Apellido175', 175),
('usuario176@gmail.com', '789456123', 'Nombre176 Apellido176', 176),
('usuario177@gmail.com', 'mypassword123', 'Nombre177 Apellido177', 177),
('usuario178@gmail.com', 'iloveyou', 'Nombre178 Apellido178', 178),
('usuario179@gmail.com', '555666777', 'Nombre179 Apellido179', 179),
('usuario180@gmail.com', 'abcd1234', 'Nombre180 Apellido180', 180),
('usuario181@gmail.com', 'password123', 'Nombre181 Apellido181', 181),
('usuario182@gmail.com', 'samantha123', 'Nombre182 Apellido182', 182),
('usuario183@gmail.com', 'rodrigo123', 'Nombre183 Apellido183', 183),
('usuario184@gmail.com', 'valeria123', 'Nombre184 Apellido184', 184),
('usuario185@gmail.com', 'pass1234', 'Nombre185 Apellido185', 185),
('usuario186@gmail.com', '9876pass', 'Nombre186 Apellido186', 186),
('usuario187@gmail.com', 'abcdef12', 'Nombre187 Apellido187', 187),
('usuario188@gmail.com', 'p@ssw0rd', 'Nombre188 Apellido188', 188),
('usuario189@gmail.com', '12345678', 'Nombre189 Apellido189', 189),
('usuario190@gmail.com', 'mypassword', 'Nombre190 Apellido190', 190),
('usuario191@gmail.com', '87654321', 'Nombre191 Apellido191', 191),
('usuario192@gmail.com', 'secretpass', 'Nombre192 Apellido192', 192),
('usuario193@gmail.com', 'qwertyui', 'Nombre193 Apellido193', 193),
('usuario194@gmail.com', 'password1', 'Nombre194 Apellido194', 194),
('usuario195@gmail.com', '1234abcd', 'Nombre195 Apellido195', 195),
('usuario196@gmail.com', 'mypass123', 'Nombre196 Apellido196', 196),
('usuario197@gmail.com', 'ilovecoding', 'Nombre197 Apellido197', 197),
('usuario198@gmail.com', 'qazwsxedc', 'Nombre198 Apellido198', 198),
('usuario199@gmail.com', '98765432', 'Nombre199 Apellido199', 199),
('usuario200@gmail.com', 'letmein', 'Nombre200 Apellido200', 200),
('usuario201@gmail.com', '1234567890', 'Nombre201 Apellido201', 201),
('usuario202@gmail.com', 'hello123', 'Nombre202 Apellido202', 202),
('usuario203@gmail.com', '1q2w3e4r', 'Nombre203 Apellido203', 203),
('usuario204@gmail.com', 'passpass', 'Nombre204 Apellido204', 204),
('usuario205@gmail.com', 'abc12345', 'Nombre205 Apellido205', 205),
('usuario206@gmail.com', 'letsgo123', 'Nombre206 Apellido206', 206),
('usuario207@gmail.com', 'qwerty123', 'Nombre207 Apellido207', 207),
('usuario208@gmail.com', '789456123', 'Nombre208 Apellido208', 208),
('usuario209@gmail.com', 'mypassword123', 'Nombre209 Apellido209', 209),
('usuario210@gmail.com', 'iloveyou', 'Nombre210 Apellido210', 210),
('usuario211@gmail.com', '555666777', 'Nombre211 Apellido211', 211),
('usuario212@gmail.com', 'abcd1234', 'Nombre212 Apellido212', 212),
('usuario213@gmail.com', 'password123', 'Nombre213 Apellido213', 213),
('usuario214@gmail.com', 'samantha123', 'Nombre214 Apellido214', 214),
('usuario215@gmail.com', 'rodrigo123', 'Nombre215 Apellido215', 215),
('usuario216@gmail.com', 'valeria123', 'Nombre216 Apellido216', 216),
('usuario217@gmail.com', 'pass1234', 'Nombre217 Apellido217', 217),
('usuario218@gmail.com', '9876pass', 'Nombre218 Apellido218', 218),
('usuario219@gmail.com', 'abcdef12', 'Nombre219 Apellido219', 219),
('usuario220@gmail.com', 'p@ssw0rd', 'Nombre220 Apellido220', 220),
('usuario221@gmail.com', '12345678', 'Nombre221 Apellido221', 221),
('usuario222@gmail.com', 'mypassword', 'Nombre222 Apellido222', 222),
('usuario223@gmail.com', '87654321', 'Nombre223 Apellido223', 223),
('usuario224@gmail.com', 'secretpass', 'Nombre224 Apellido224', 224),
('usuario225@gmail.com', 'qwertyui', 'Nombre225 Apellido225', 225),
('usuario226@gmail.com', 'password1', 'Nombre226 Apellido226', 226),
('usuario227@gmail.com', '1234abcd', 'Nombre227 Apellido227', 227),
('usuario228@gmail.com', 'mypass123', 'Nombre228 Apellido228', 228),
('usuario229@gmail.com', 'ilovecoding', 'Nombre229 Apellido229', 229),
('usuario230@gmail.com', 'qazwsxedc', 'Nombre230 Apellido230', 230),
('usuario231@gmail.com', '98765432', 'Nombre231 Apellido231', 231),
('usuario232@gmail.com', 'letmein', 'Nombre232 Apellido232', 232),
('usuario233@gmail.com', '1234567890', 'Nombre233 Apellido233', 233),
('usuario234@gmail.com', 'hello123', 'Nombre234 Apellido234', 234),
('usuario235@gmail.com', '1q2w3e4r', 'Nombre235 Apellido235', 235),
('usuario236@gmail.com', 'passpass', 'Nombre236 Apellido236', 236),
('usuario237@gmail.com', 'abc12345', 'Nombre237 Apellido237', 237),
('usuario238@gmail.com', 'letsgo123', 'Nombre238 Apellido238', 238),
('usuario239@gmail.com', 'qwerty123', 'Nombre239 Apellido239', 239),
('usuario240@gmail.com', '789456123', 'Nombre240 Apellido240', 240),
('usuario241@gmail.com', 'mypassword123', 'Nombre241 Apellido241', 241),
('usuario242@gmail.com', 'iloveyou', 'Nombre242 Apellido242', 242),
('usuario243@gmail.com', '555666777', 'Nombre243 Apellido243', 243),
('usuario244@gmail.com', 'abcd1234', 'Nombre244 Apellido244', 244),
('usuario245@gmail.com', 'password123', 'Nombre245 Apellido245', 245),
('usuario246@gmail.com', 'samantha123', 'Nombre246 Apellido246', 246),
('usuario247@gmail.com', 'rodrigo123', 'Nombre247 Apellido247', 247),
('usuario248@gmail.com', 'valeria123', 'Nombre248 Apellido248', 248),
('usuario249@gmail.com', 'pass1234', 'Nombre249 Apellido249', 249),
('usuario250@gmail.com', '9876pass', 'Nombre250 Apellido250', 250),
('usuario251@gmail.com', 'abcdef12', 'Nombre251 Apellido251', 251),
('usuario252@gmail.com', 'p@ssw0rd', 'Nombre252 Apellido252', 252),
('usuario253@gmail.com', '12345678', 'Nombre253 Apellido253', 253),
('usuario254@gmail.com', 'mypassword', 'Nombre254 Apellido254', 254),
('usuario255@gmail.com', '87654321', 'Nombre255 Apellido255', 255),
('usuario256@gmail.com', 'secretpass', 'Nombre256 Apellido256', 256),
('usuario257@gmail.com', 'qwertyui', 'Nombre257 Apellido257', 257),
('usuario258@gmail.com', 'password1', 'Nombre258 Apellido258', 258),
('usuario259@gmail.com', '1234abcd', 'Nombre259 Apellido259', 259),
('usuario260@gmail.com', 'mypass123', 'Nombre260 Apellido260', 260),
('usuario261@gmail.com', 'ilovecoding', 'Nombre261 Apellido261', 261),
('usuario262@gmail.com', 'qazwsxedc', 'Nombre262 Apellido262', 262),
('usuario263@gmail.com', '98765432', 'Nombre263 Apellido263', 263),
('usuario264@gmail.com', 'letmein', 'Nombre264 Apellido264', 264),
('usuario265@gmail.com', '1234567890', 'Nombre265 Apellido265', 265),
('usuario266@gmail.com', 'hello123', 'Nombre266 Apellido266', 266),
('usuario267@gmail.com', '1q2w3e4r', 'Nombre267 Apellido267', 267),
('usuario268@gmail.com', 'passpass', 'Nombre268 Apellido268', 268),
('usuario269@gmail.com', 'abc12345', 'Nombre269 Apellido269', 269),
('usuario270@gmail.com', 'letsgo123', 'Nombre270 Apellido270', 270),
('usuario271@gmail.com', 'qwerty123', 'Nombre271 Apellido271', 271),
('usuario272@gmail.com', '789456123', 'Nombre272 Apellido272', 272),
('usuario273@gmail.com', 'mypassword123', 'Nombre273 Apellido273', 273),
('usuario274@gmail.com', 'iloveyou', 'Nombre274 Apellido274', 274),
('usuario275@gmail.com', '555666777', 'Nombre275 Apellido275', 275),
('usuario276@gmail.com', 'abcd1234', 'Nombre276 Apellido276', 276),
('usuario277@gmail.com', 'password123', 'Nombre277 Apellido277', 277),
('usuario278@gmail.com', 'samantha123', 'Nombre278 Apellido278', 278),
('usuario279@gmail.com', 'rodrigo123', 'Nombre279 Apellido279', 279),
('usuario280@gmail.com', 'valeria123', 'Nombre280 Apellido280', 280),
('usuario281@gmail.com', 'pass1234', 'Nombre281 Apellido281', 281),
('usuario282@gmail.com', '9876pass', 'Nombre282 Apellido282', 282),
('usuario283@gmail.com', 'abcdef12', 'Nombre283 Apellido283', 283),
('usuario284@gmail.com', 'p@ssw0rd', 'Nombre284 Apellido284', 284),
('usuario285@gmail.com', '12345678', 'Nombre285 Apellido285', 285),
('usuario286@gmail.com', 'mypassword', 'Nombre286 Apellido286', 286),
('usuario287@gmail.com', '87654321', 'Nombre287 Apellido287', 287),
('usuario288@gmail.com', 'secretpass', 'Nombre288 Apellido288', 288),
('usuario289@gmail.com', 'qwertyui', 'Nombre289 Apellido289', 289),
('usuario290@gmail.com', 'password1', 'Nombre290 Apellido290', 290),
('usuario291@gmail.com', '1234abcd', 'Nombre291 Apellido291', 291),
('usuario292@gmail.com', 'mypass123', 'Nombre292 Apellido292', 292),
('usuario293@gmail.com', 'ilovecoding', 'Nombre293 Apellido293', 293),
('usuario294@gmail.com', 'qazwsxedc', 'Nombre294 Apellido294', 294),
('usuario295@gmail.com', '98765432', 'Nombre295 Apellido295', 295),
('usuario296@gmail.com', 'letmein', 'Nombre296 Apellido296', 296),
('usuario297@gmail.com', '1234567890', 'Nombre297 Apellido297', 297),
('usuario298@gmail.com', 'hello123', 'Nombre298 Apellido298', 298),
('usuario299@gmail.com', '1q2w3e4r', 'Nombre299 Apellido299', 299),
('usuario29@gmail.com', 'pass1234', 'Nombre1 Apellido1', 29),
('usuario300@gmail.com', 'passpass', 'Nombre300 Apellido300', 300),
('usuario301@gmail.com', 'abc12345', 'Nombre301 Apellido301', 301),
('usuario302@gmail.com', 'letsgo123', 'Nombre302 Apellido302', 302),
('usuario303@gmail.com', 'qwerty123', 'Nombre303 Apellido303', 303),
('usuario304@gmail.com', '789456123', 'Nombre304 Apellido304', 304),
('usuario305@gmail.com', 'mypassword123', 'Nombre305 Apellido305', 305),
('usuario306@gmail.com', 'iloveyou', 'Nombre306 Apellido306', 306),
('usuario307@gmail.com', '555666777', 'Nombre307 Apellido307', 307),
('usuario308@gmail.com', 'abcd1234', 'Nombre308 Apellido308', 308),
('usuario309@gmail.com', 'password123', 'Nombre309 Apellido309', 309),
('usuario30@gmail.com', '9876pass', 'Nombre2 Apellido2', 30),
('usuario310@gmail.com', 'samantha123', 'Nombre310 Apellido310', 310),
('usuario311@gmail.com', 'rodrigo123', 'Nombre311 Apellido311', 311),
('usuario312@gmail.com', 'valeria123', 'Nombre312 Apellido312', 312),
('usuario313@gmail.com', 'pass1234', 'Nombre313 Apellido313', 313),
('usuario314@gmail.com', '9876pass', 'Nombre314 Apellido314', 314),
('usuario315@gmail.com', 'abcdef12', 'Nombre315 Apellido315', 315),
('usuario316@gmail.com', 'p@ssw0rd', 'Nombre316 Apellido316', 316),
('usuario317@gmail.com', '12345678', 'Nombre317 Apellido317', 317),
('usuario318@gmail.com', 'mypassword', 'Nombre318 Apellido318', 318),
('usuario319@gmail.com', '87654321', 'Nombre319 Apellido319', 319),
('usuario31@gmail.com', 'abcdef12', 'Nombre3 Apellido3', 31),
('usuario320@gmail.com', 'secretpass', 'Nombre320 Apellido320', 320),
('usuario321@gmail.com', 'qwertyui', 'Nombre321 Apellido321', 321),
('usuario322@gmail.com', 'password1', 'Nombre322 Apellido322', 322),
('usuario323@gmail.com', '1234abcd', 'Nombre323 Apellido323', 323),
('usuario324@gmail.com', 'mypass123', 'Nombre324 Apellido324', 324),
('usuario325@gmail.com', 'ilovecoding', 'Nombre325 Apellido325', 325),
('usuario326@gmail.com', 'qazwsxedc', 'Nombre326 Apellido326', 326),
('usuario327@gmail.com', '98765432', 'Nombre327 Apellido327', 327),
('usuario328@gmail.com', 'letmein', 'Nombre328 Apellido328', 328),
('usuario329@gmail.com', '1234567890', 'Nombre329 Apellido329', 329),
('usuario32@gmail.com', 'p@ssw0rd', 'Nombre4 Apellido4', 32),
('usuario330@gmail.com', 'hello123', 'Nombre330 Apellido330', 330),
('usuario331@gmail.com', '1q2w3e4r', 'Nombre331 Apellido331', 331),
('usuario332@gmail.com', 'passpass', 'Nombre332 Apellido332', 332),
('usuario333@gmail.com', 'abc12345', 'Nombre333 Apellido333', 333),
('usuario334@gmail.com', 'letsgo123', 'Nombre334 Apellido334', 334),
('usuario335@gmail.com', 'qwerty123', 'Nombre335 Apellido335', 335),
('usuario336@gmail.com', '789456123', 'Nombre336 Apellido336', 336),
('usuario337@gmail.com', 'mypassword123', 'Nombre337 Apellido337', 337),
('usuario338@gmail.com', 'iloveyou', 'Nombre338 Apellido338', 338),
('usuario339@gmail.com', '555666777', 'Nombre339 Apellido339', 339),
('usuario33@gmail.com', '12345678', 'Nombre5 Apellido5', 33),
('usuario340@gmail.com', 'abcd1234', 'Nombre340 Apellido340', 340),
('usuario341@gmail.com', 'password123', 'Nombre341 Apellido341', 341),
('usuario342@gmail.com', 'samantha123', 'Nombre342 Apellido342', 342),
('usuario343@gmail.com', 'rodrigo123', 'Nombre343 Apellido343', 343),
('usuario344@gmail.com', 'valeria123', 'Nombre344 Apellido344', 344),
('usuario345@gmail.com', 'pass1234', 'Nombre345 Apellido345', 345),
('usuario346@gmail.com', '9876pass', 'Nombre346 Apellido346', 346),
('usuario347@gmail.com', 'abcdef12', 'Nombre347 Apellido347', 347),
('usuario348@gmail.com', 'p@ssw0rd', 'Nombre348 Apellido348', 348),
('usuario349@gmail.com', '12345678', 'Nombre349 Apellido349', 349),
('usuario34@gmail.com', 'mypassword', 'Nombre6 Apellido6', 34),
('usuario350@gmail.com', 'mypassword', 'Nombre350 Apellido350', 350),
('usuario351@gmail.com', '87654321', 'Nombre351 Apellido351', 351),
('usuario352@gmail.com', 'secretpass', 'Nombre352 Apellido352', 352),
('usuario353@gmail.com', 'qwertyui', 'Nombre353 Apellido353', 353),
('usuario354@gmail.com', 'password1', 'Nombre354 Apellido354', 354),
('usuario355@gmail.com', '1234abcd', 'Nombre355 Apellido355', 355),
('usuario356@gmail.com', 'mypass123', 'Nombre356 Apellido356', 356),
('usuario357@gmail.com', 'ilovecoding', 'Nombre357 Apellido357', 357),
('usuario358@gmail.com', 'qazwsxedc', 'Nombre358 Apellido358', 358),
('usuario359@gmail.com', '98765432', 'Nombre359 Apellido359', 359),
('usuario35@gmail.com', '87654321', 'Nombre7 Apellido7', 35),
('usuario360@gmail.com', 'letmein', 'Nombre360 Apellido360', 360),
('usuario361@gmail.com', '1234567890', 'Nombre361 Apellido361', 361),
('usuario362@gmail.com', 'hello123', 'Nombre362 Apellido362', 362),
('usuario363@gmail.com', '1q2w3e4r', 'Nombre363 Apellido363', 363),
('usuario364@gmail.com', 'passpass', 'Nombre364 Apellido364', 364),
('usuario365@gmail.com', 'abc12345', 'Nombre365 Apellido365', 365),
('usuario366@gmail.com', 'letsgo123', 'Nombre366 Apellido366', 366),
('usuario367@gmail.com', 'qwerty123', 'Nombre367 Apellido367', 367),
('usuario368@gmail.com', '789456123', 'Nombre368 Apellido368', 368),
('usuario369@gmail.com', 'mypassword123', 'Nombre369 Apellido369', 369),
('usuario36@gmail.com', 'secretpass', 'Nombre8 Apellido8', 36),
('usuario370@gmail.com', 'iloveyou', 'Nombre370 Apellido370', 370),
('usuario371@gmail.com', '555666777', 'Nombre371 Apellido371', 371),
('usuario372@gmail.com', 'abcd1234', 'Nombre372 Apellido372', 372),
('usuario373@gmail.com', 'password123', 'Nombre373 Apellido373', 373),
('usuario374@gmail.com', 'samantha123', 'Nombre374 Apellido374', 374),
('usuario375@gmail.com', 'rodrigo123', 'Nombre375 Apellido375', 375),
('usuario376@gmail.com', 'valeria123', 'Nombre376 Apellido376', 376),
('usuario377@gmail.com', 'pass1234', 'Nombre377 Apellido377', 377),
('usuario378@gmail.com', '9876pass', 'Nombre378 Apellido378', 378),
('usuario379@gmail.com', 'abcdef12', 'Nombre379 Apellido379', 379),
('usuario37@gmail.com', 'qwertyui', 'Nombre9 Apellido9', 37),
('usuario380@gmail.com', 'p@ssw0rd', 'Nombre380 Apellido380', 380),
('usuario381@gmail.com', '12345678', 'Nombre381 Apellido381', 381),
('usuario382@gmail.com', 'mypassword', 'Nombre382 Apellido382', 382),
('usuario383@gmail.com', '87654321', 'Nombre383 Apellido383', 383),
('usuario384@gmail.com', 'secretpass', 'Nombre384 Apellido384', 384),
('usuario385@gmail.com', 'qwertyui', 'Nombre385 Apellido385', 385),
('usuario386@gmail.com', 'password1', 'Nombre386 Apellido386', 386),
('usuario387@gmail.com', '1234abcd', 'Nombre387 Apellido387', 387),
('usuario388@gmail.com', 'mypass123', 'Nombre388 Apellido388', 388),
('usuario389@gmail.com', 'ilovecoding', 'Nombre389 Apellido389', 389),
('usuario38@gmail.com', 'password1', 'Nombre10 Apellido10', 38),
('usuario390@gmail.com', 'qazwsxedc', 'Nombre390 Apellido390', 390),
('usuario391@gmail.com', '98765432', 'Nombre391 Apellido391', 391),
('usuario392@gmail.com', 'letmein', 'Nombre392 Apellido392', 392),
('usuario393@gmail.com', '1234567890', 'Nombre393 Apellido393', 393),
('usuario394@gmail.com', 'hello123', 'Nombre394 Apellido394', 394),
('usuario395@gmail.com', '1q2w3e4r', 'Nombre395 Apellido395', 395),
('usuario396@gmail.com', 'passpass', 'Nombre396 Apellido396', 396),
('usuario397@gmail.com', 'abc12345', 'Nombre397 Apellido397', 397),
('usuario398@gmail.com', 'letsgo123', 'Nombre398 Apellido398', 398),
('usuario399@gmail.com', 'qwerty123', 'Nombre399 Apellido399', 399),
('usuario39@gmail.com', '1234abcd', 'Nombre11 Apellido11', 39),
('usuario400@gmail.com', '789456123', 'Nombre400 Apellido400', 400),
('usuario401@gmail.com', 'mypassword123', 'Nombre401 Apellido401', 401),
('usuario402@gmail.com', 'iloveyou', 'Nombre402 Apellido402', 402),
('usuario403@gmail.com', '555666777', 'Nombre403 Apellido403', 403),
('usuario404@gmail.com', 'abcd1234', 'Nombre404 Apellido404', 404),
('usuario405@gmail.com', 'password123', 'Nombre405 Apellido405', 405),
('usuario406@gmail.com', 'samantha123', 'Nombre406 Apellido406', 406),
('usuario407@gmail.com', 'rodrigo123', 'Nombre407 Apellido407', 407),
('usuario408@gmail.com', 'valeria123', 'Nombre408 Apellido408', 408),
('usuario409@gmail.com', 'pass1234', 'Nombre409 Apellido409', 409),
('usuario40@gmail.com', 'mypass123', 'Nombre12 Apellido12', 40),
('usuario410@gmail.com', '9876pass', 'Nombre410 Apellido410', 410),
('usuario411@gmail.com', 'abcdef12', 'Nombre411 Apellido411', 411),
('usuario412@gmail.com', 'p@ssw0rd', 'Nombre412 Apellido412', 412),
('usuario413@gmail.com', '12345678', 'Nombre413 Apellido413', 413),
('usuario414@gmail.com', 'mypassword', 'Nombre414 Apellido414', 414),
('usuario415@gmail.com', '87654321', 'Nombre415 Apellido415', 415),
('usuario416@gmail.com', 'secretpass', 'Nombre416 Apellido416', 416),
('usuario417@gmail.com', 'qwertyui', 'Nombre417 Apellido417', 417),
('usuario418@gmail.com', 'password1', 'Nombre418 Apellido418', 418),
('usuario419@gmail.com', '1234abcd', 'Nombre419 Apellido419', 419),
('usuario41@gmail.com', 'ilovecoding', 'Nombre13 Apellido13', 41),
('usuario420@gmail.com', 'mypass123', 'Nombre420 Apellido420', 420),
('usuario421@gmail.com', 'ilovecoding', 'Nombre421 Apellido421', 421),
('usuario422@gmail.com', 'qazwsxedc', 'Nombre422 Apellido422', 422),
('usuario423@gmail.com', '98765432', 'Nombre423 Apellido423', 423),
('usuario424@gmail.com', 'letmein', 'Nombre424 Apellido424', 424),
('usuario425@gmail.com', '1234567890', 'Nombre425 Apellido425', 425),
('usuario426@gmail.com', 'hello123', 'Nombre426 Apellido426', 426),
('usuario427@gmail.com', '1q2w3e4r', 'Nombre427 Apellido427', 427),
('usuario428@gmail.com', 'passpass', 'Nombre428 Apellido428', 428),
('usuario429@gmail.com', 'abc12345', 'Nombre429 Apellido429', 429),
('usuario42@gmail.com', 'qazwsxedc', 'Nombre14 Apellido14', 42),
('usuario430@gmail.com', 'letsgo123', 'Nombre430 Apellido430', 430),
('usuario431@gmail.com', 'qwerty123', 'Nombre431 Apellido431', 431),
('usuario432@gmail.com', '789456123', 'Nombre432 Apellido432', 432),
('usuario433@gmail.com', 'mypassword123', 'Nombre433 Apellido433', 433),
('usuario434@gmail.com', 'iloveyou', 'Nombre434 Apellido434', 434),
('usuario435@gmail.com', '555666777', 'Nombre435 Apellido435', 435),
('usuario436@gmail.com', 'abcd1234', 'Nombre436 Apellido436', 436),
('usuario437@gmail.com', 'password123', 'Nombre437 Apellido437', 437),
('usuario438@gmail.com', 'samantha123', 'Nombre438 Apellido438', 438),
('usuario439@gmail.com', 'rodrigo123', 'Nombre439 Apellido439', 439),
('usuario43@gmail.com', '98765432', 'Nombre15 Apellido15', 43),
('usuario440@gmail.com', 'valeria123', 'Nombre440 Apellido440', 440),
('usuario441@gmail.com', 'pass1234', 'Nombre441 Apellido441', 441),
('usuario442@gmail.com', '9876pass', 'Nombre442 Apellido442', 442),
('usuario443@gmail.com', 'abcdef12', 'Nombre443 Apellido443', 443),
('usuario444@gmail.com', 'p@ssw0rd', 'Nombre444 Apellido444', 444),
('usuario445@gmail.com', '12345678', 'Nombre445 Apellido445', 445),
('usuario446@gmail.com', 'mypassword', 'Nombre446 Apellido446', 446),
('usuario447@gmail.com', '87654321', 'Nombre447 Apellido447', 447),
('usuario448@gmail.com', 'secretpass', 'Nombre448 Apellido448', 448),
('usuario449@gmail.com', 'qwertyui', 'Nombre449 Apellido449', 449),
('usuario44@gmail.com', 'letmein', 'Nombre16 Apellido16', 44),
('usuario450@gmail.com', 'password1', 'Nombre450 Apellido450', 450),
('usuario451@gmail.com', '1234abcd', 'Nombre451 Apellido451', 451),
('usuario452@gmail.com', 'mypass123', 'Nombre452 Apellido452', 452),
('usuario453@gmail.com', 'ilovecoding', 'Nombre453 Apellido453', 453),
('usuario454@gmail.com', 'qazwsxedc', 'Nombre454 Apellido454', 454),
('usuario455@gmail.com', '98765432', 'Nombre455 Apellido455', 455),
('usuario456@gmail.com', 'letmein', 'Nombre456 Apellido456', 456),
('usuario457@gmail.com', '1234567890', 'Nombre457 Apellido457', 457),
('usuario458@gmail.com', 'hello123', 'Nombre458 Apellido458', 458),
('usuario459@gmail.com', '1q2w3e4r', 'Nombre459 Apellido459', 459),
('usuario45@gmail.com', '1234567890', 'Nombre17 Apellido17', 45),
('usuario460@gmail.com', 'passpass', 'Nombre460 Apellido460', 460),
('usuario461@gmail.com', 'abc12345', 'Nombre461 Apellido461', 461),
('usuario462@gmail.com', 'letsgo123', 'Nombre462 Apellido462', 462),
('usuario463@gmail.com', 'qwerty123', 'Nombre463 Apellido463', 463),
('usuario464@gmail.com', '789456123', 'Nombre464 Apellido464', 464),
('usuario465@gmail.com', 'mypassword123', 'Nombre465 Apellido465', 465),
('usuario466@gmail.com', 'iloveyou', 'Nombre466 Apellido466', 466),
('usuario467@gmail.com', '555666777', 'Nombre467 Apellido467', 467),
('usuario468@gmail.com', 'abcd1234', 'Nombre468 Apellido468', 468),
('usuario469@gmail.com', 'password123', 'Nombre469 Apellido469', 469),
('usuario46@gmail.com', 'hello123', 'Nombre18 Apellido18', 46),
('usuario470@gmail.com', 'samantha123', 'Nombre470 Apellido470', 470),
('usuario471@gmail.com', 'rodrigo123', 'Nombre471 Apellido471', 471),
('usuario472@gmail.com', 'valeria123', 'Nombre472 Apellido472', 472),
('usuario473@gmail.com', 'pass1234', 'Nombre473 Apellido473', 473),
('usuario474@gmail.com', '9876pass', 'Nombre474 Apellido474', 474),
('usuario475@gmail.com', 'abcdef12', 'Nombre475 Apellido475', 475),
('usuario476@gmail.com', 'p@ssw0rd', 'Nombre476 Apellido476', 476),
('usuario477@gmail.com', '12345678', 'Nombre477 Apellido477', 477),
('usuario478@gmail.com', 'mypassword', 'Nombre478 Apellido478', 478),
('usuario479@gmail.com', '87654321', 'Nombre479 Apellido479', 479),
('usuario47@gmail.com', '1q2w3e4r', 'Nombre19 Apellido19', 47),
('usuario480@gmail.com', 'secretpass', 'Nombre480 Apellido480', 480),
('usuario481@gmail.com', 'qwertyui', 'Nombre481 Apellido481', 481),
('usuario482@gmail.com', 'password1', 'Nombre482 Apellido482', 482),
('usuario483@gmail.com', '1234abcd', 'Nombre483 Apellido483', 483),
('usuario484@gmail.com', 'mypass123', 'Nombre484 Apellido484', 484),
('usuario485@gmail.com', 'ilovecoding', 'Nombre485 Apellido485', 485),
('usuario486@gmail.com', 'qazwsxedc', 'Nombre486 Apellido486', 486),
('usuario487@gmail.com', '98765432', 'Nombre487 Apellido487', 487),
('usuario488@gmail.com', 'letmein', 'Nombre488 Apellido488', 488),
('usuario489@gmail.com', '1234567890', 'Nombre489 Apellido489', 489),
('usuario48@gmail.com', 'passpass', 'Nombre20 Apellido20', 48),
('usuario490@gmail.com', 'hello123', 'Nombre490 Apellido490', 490),
('usuario491@gmail.com', '1q2w3e4r', 'Nombre491 Apellido491', 491),
('usuario492@gmail.com', 'passpass', 'Nombre492 Apellido492', 492),
('usuario493@gmail.com', 'abc12345', 'Nombre493 Apellido493', 493),
('usuario494@gmail.com', 'letsgo123', 'Nombre494 Apellido494', 494),
('usuario495@gmail.com', 'qwerty123', 'Nombre495 Apellido495', 495),
('usuario496@gmail.com', '789456123', 'Nombre496 Apellido496', 496),
('usuario497@gmail.com', 'mypassword123', 'Nombre497 Apellido497', 497),
('usuario498@gmail.com', 'iloveyou', 'Nombre498 Apellido498', 498),
('usuario499@gmail.com', '555666777', 'Nombre499 Apellido499', 499),
('usuario49@gmail.com', 'abc12345', 'Nombre21 Apellido21', 49),
('usuario500@gmail.com', 'abcd1234', 'Nombre500 Apellido500', 500),
('usuario50@gmail.com', 'letsgo123', 'Nombre22 Apellido22', 50),
('usuario51@gmail.com', 'qwerty123', 'Nombre23 Apellido23', 51),
('usuario52@gmail.com', '789456123', 'Nombre24 Apellido24', 52),
('usuario53@gmail.com', 'mypassword123', 'Nombre25 Apellido25', 53),
('usuario54@gmail.com', 'iloveyou', 'Nombre26 Apellido26', 54),
('usuario55@gmail.com', '555666777', 'Nombre27 Apellido27', 55),
('usuario56@gmail.com', 'abcd1234', 'Nombre28 Apellido28', 56),
('usuario57@gmail.com', 'password123', 'Nombre29 Apellido29', 57),
('usuario58@gmail.com', 'samantha123', 'Nombre30 Apellido30', 58),
('usuario59@gmail.com', 'rodrigo123', 'Nombre31 Apellido31', 59),
('usuario60@gmail.com', 'pass1234', 'Nombre60 Apellido60', 60),
('usuario61@gmail.com', '9876pass', 'Nombre61 Apellido61', 61),
('usuario62@gmail.com', 'abcdef12', 'Nombre62 Apellido62', 62),
('usuario63@gmail.com', 'p@ssw0rd', 'Nombre63 Apellido63', 63),
('usuario64@gmail.com', '12345678', 'Nombre64 Apellido64', 64),
('usuario65@gmail.com', 'mypassword', 'Nombre65 Apellido65', 65),
('usuario66@gmail.com', '87654321', 'Nombre66 Apellido66', 66),
('usuario67@gmail.com', 'secretpass', 'Nombre67 Apellido67', 67),
('usuario68@gmail.com', 'qwertyui', 'Nombre68 Apellido68', 68),
('usuario69@gmail.com', 'password1', 'Nombre69 Apellido69', 69),
('usuario70@gmail.com', '1234abcd', 'Nombre70 Apellido70', 70),
('usuario71@gmail.com', 'mypass123', 'Nombre71 Apellido71', 71),
('usuario72@gmail.com', 'ilovecoding', 'Nombre72 Apellido72', 72),
('usuario73@gmail.com', 'qazwsxedc', 'Nombre73 Apellido73', 73),
('usuario74@gmail.com', '98765432', 'Nombre74 Apellido74', 74),
('usuario75@gmail.com', 'letmein', 'Nombre75 Apellido75', 75),
('usuario76@gmail.com', '1234567890', 'Nombre76 Apellido76', 76),
('usuario77@gmail.com', 'hello123', 'Nombre77 Apellido77', 77),
('usuario78@gmail.com', '1q2w3e4r', 'Nombre78 Apellido78', 78),
('usuario79@gmail.com', 'passpass', 'Nombre79 Apellido79', 79),
('usuario80@gmail.com', 'abc12345', 'Nombre80 Apellido80', 80),
('usuario81@gmail.com', 'letsgo123', 'Nombre81 Apellido81', 81),
('usuario82@gmail.com', 'qwerty123', 'Nombre82 Apellido82', 82),
('usuario83@gmail.com', '789456123', 'Nombre83 Apellido83', 83),
('usuario84@gmail.com', 'mypassword123', 'Nombre84 Apellido84', 84),
('usuario85@gmail.com', 'iloveyou', 'Nombre85 Apellido85', 85),
('usuario86@gmail.com', '555666777', 'Nombre86 Apellido86', 86),
('usuario87@gmail.com', 'abcd1234', 'Nombre87 Apellido87', 87),
('usuario88@gmail.com', 'password123', 'Nombre88 Apellido88', 88),
('usuario89@gmail.com', 'samantha123', 'Nombre89 Apellido89', 89),
('usuario90@gmail.com', 'rodrigo123', 'Nombre90 Apellido90', 90),
('usuario91@gmail.com', 'valeria123', 'Nombre91 Apellido91', 91),
('usuario92@gmail.com', 'pass1234', 'Nombre92 Apellido92', 92),
('usuario93@gmail.com', '9876pass', 'Nombre93 Apellido93', 93),
('usuario94@gmail.com', 'abcdef12', 'Nombre94 Apellido94', 94),
('usuario95@gmail.com', 'p@ssw0rd', 'Nombre95 Apellido95', 95),
('usuario96@gmail.com', '12345678', 'Nombre96 Apellido96', 96),
('usuario97@gmail.com', 'mypassword', 'Nombre97 Apellido97', 97),
('usuario98@gmail.com', '87654321', 'Nombre98 Apellido98', 98),
('usuario99@gmail.com', 'secretpass', 'Nombre99 Apellido99', 99),
('veronicanicahel@gmail.com', 'hello123', 'Verónica Paredes', 18);

-- --------------------------------------------------------

--
-- Estructura de tabla para la tabla `usuario_has_grupo`
--

CREATE TABLE `usuario_has_grupo` (
  `id_grupo` int(11) NOT NULL,
  `correo_usuario` varchar(45) NOT NULL,
  `rol` varchar(45) NOT NULL
) ENGINE=InnoDB DEFAULT CHARSET=utf8;

-- --------------------------------------------------------

--
-- Estructura de tabla para la tabla `usuario_has_ingredientes`
--

CREATE TABLE `usuario_has_ingredientes` (
  `idDisponibles` int(11) NOT NULL,
  `usuario_correo` varchar(45) NOT NULL,
  `ingrediente_id` int(11) NOT NULL,
  `cantidad` int(11) NOT NULL,
  `unidad_medida` varchar(45) NOT NULL
) ENGINE=InnoDB DEFAULT CHARSET=utf8;

--
-- Volcado de datos para la tabla `usuario_has_ingredientes`
--

INSERT INTO `usuario_has_ingredientes` (`idDisponibles`, `usuario_correo`, `ingrediente_id`, `cantidad`, `unidad_medida`) VALUES
(1, 'juanperez1234@gmail.com', 1, 2, 'Kilogramo(s)'),
(2, 'juanperez1234@gmail.com', 6, 1, 'Kilogramo(s)'),
(3, 'juanperez1234@gmail.com', 7, 2, 'Kilogramo(s)'),
(4, 'juanperez1234@gmail.com', 9, 2, 'Kilogramo(s)'),
(5, 'juanperez1234@gmail.com', 15, 3, 'Kilogramo(s)'),
(6, 'juanperez1234@gmail.com', 58, 4, 'Kilogramo(s)'),
(7, 'juanperez1234@gmail.com', 64, 1, 'Kilogramo(s)'),
(8, 'juanperez1234@gmail.com', 276, 20, 'Litro(s)'),
(9, 'juanperez1234@gmail.com', 277, 3, 'Litro(s)'),
(10, 'juanperez1234@gmail.com', 65, 1, 'Pieza(s)'),
(11, 'juanperez1234@gmail.com', 77, 5, 'Pieza(s)'),
(12, 'juanperez1234@gmail.com', 304, 8, 'Pieza(s)'),
(13, 'juanperez1234@gmail.com', 191, 3, 'Pieza(s)'),
(14, 'juanperez1234@gmail.com', 319, 1, 'Kilogramo(s)'),
(15, 'juanperez1234@gmail.com', 302, 0, 'Kilogramo(s)'),
(16, 'mariarod9876@gmail.com', 313, 3, 'Litro(s)'),
(17, 'mariarod9876@gmail.com', 276, 5, 'Litro(s)'),
(18, 'mariarod9876@gmail.com', 112, 2, 'Litro(s)'),
(19, 'mariarod9876@gmail.com', 303, 0, 'Kilogramo(s)'),
(20, 'mariarod9876@gmail.com', 288, 2, 'Kilogramo(s)'),
(21, 'mariarod9876@gmail.com', 319, 1, 'Kilogramo(s)'),
(22, 'mariarod9876@gmail.com', 338, 1, 'Kilogramo(s)'),
(23, 'pedrogomez12@gmail.com', 288, 1, 'Kilogramo(s)'),
(24, 'pedrogomez12@gmail.com', 303, 1, 'Kilogramo(s)'),
(25, 'pedrogomez12@gmail.com', 178, 3, 'Pieza(s)'),
(26, 'pedrogomez12@gmail.com', 207, 0, 'Kilogramo(s)'),
(27, 'pedrogomez12@gmail.com', 349, 1, 'Litro(s)'),
(28, 'pedrogomez12@gmail.com', 315, 1, 'Litro(s)'),
(29, 'anamartinp@gmail.com', 361, 3, 'Pieza(s)'),
(30, 'anamartinp@gmail.com', 331, 2, 'Pieza(s)'),
(31, 'anamartinp@gmail.com', 11, 1, 'Pieza(s)'),
(32, 'anamartinp@gmail.com', 1, 2, 'Kilogramo(s)'),
(33, 'anamartinp@gmail.com', 169, 4, 'Kilogramo(s)'),
(34, 'luissanchez78@gmail.com', 263, 0, 'Kilogramo(s)'),
(35, 'luissanchez78@gmail.com', 142, 3, 'Kilogramo(s)'),
(36, 'luissanchez78@gmail.com', 304, 6, 'Pieza(s)'),
(37, 'lauraramirez45@gmail.com', 45, 0, 'Kilogramo(s)'),
(38, 'lauraramirez45@gmail.com', 62, 0, 'Kilogramo(s)'),
(39, 'lauraramirez45@gmail.com', 361, 5, 'Pieza(s)'),
(40, 'lauraramirez45@gmail.com', 304, 2, 'Pieza(s)'),
(41, 'lauraramirez45@gmail.com', 331, 6, 'Pieza(s)'),
(42, 'lauraramirez45@gmail.com', 116, 0, 'Kilogramo(s)'),
(43, 'carlosherr8765@gmail.com', 327, 1, 'Litro(s)'),
(44, 'carlosherr8765@gmail.com', 1, 3, 'Kilogramo(s)'),
(45, 'carlosherr8765@gmail.com', 304, 8, 'Pieza(s)'),
(46, 'carlosherr8765@gmail.com', 15, 3, 'Pieza(s)'),
(47, 'carlosherr8765@gmail.com', 56, 12, 'Pieza(s)');

--
-- Índices para tablas volcadas
--

--
-- Indices de la tabla `alergias`
--
ALTER TABLE `alergias`
  ADD PRIMARY KEY (`idalergia`),
  ADD KEY `fk_alergias_usuarios1_idx` (`usuarios_correo`),
  ADD KEY `fk_alergias_ingredientes1_idx` (`ingredientes_idIngredientes`);

--
-- Indices de la tabla `grupo`
--
ALTER TABLE `grupo`
  ADD PRIMARY KEY (`idgrupo`),
  ADD KEY `fk_grupo_planeacion1_idx` (`planeacion_idplaneacion`);

--
-- Indices de la tabla `ingredientes`
--
ALTER TABLE `ingredientes`
  ADD PRIMARY KEY (`idIngredientes`);

--
-- Indices de la tabla `pasos`
--
ALTER TABLE `pasos`
  ADD PRIMARY KEY (`idPasos`),
  ADD KEY `fk_Pasos_Recetas1_idx` (`Recetas_idRecetas`);

--
-- Indices de la tabla `planeacion`
--
ALTER TABLE `planeacion`
  ADD PRIMARY KEY (`idplaneacion`);

--
-- Indices de la tabla `recetas`
--
ALTER TABLE `recetas`
  ADD PRIMARY KEY (`idRecetas`,`Usuarios_correo`),
  ADD KEY `fk_Recetas_Usuarios1_idx` (`Usuarios_correo`);

--
-- Indices de la tabla `recetas_has_ingredientes`
--
ALTER TABLE `recetas_has_ingredientes`
  ADD PRIMARY KEY (`Recetas_idRecetas`,`Ingredientes_idIngredientes`),
  ADD KEY `fk_Recetas_has_Ingredientes_Ingredientes1_idx` (`Ingredientes_idIngredientes`),
  ADD KEY `fk_Recetas_has_Ingredientes_Recetas1_idx` (`Recetas_idRecetas`);

--
-- Indices de la tabla `recetas_has_planeacion`
--
ALTER TABLE `recetas_has_planeacion`
  ADD PRIMARY KEY (`recetas_idRecetas`,`recetas_Usuarios_correo`,`planeacion_idplaneacion`),
  ADD KEY `fk_recetas_has_planeacion_planeacion1_idx` (`planeacion_idplaneacion`),
  ADD KEY `fk_recetas_has_planeacion_recetas1_idx` (`recetas_idRecetas`,`recetas_Usuarios_correo`);

--
-- Indices de la tabla `usuarios`
--
ALTER TABLE `usuarios`
  ADD PRIMARY KEY (`correo`),
  ADD KEY `fk_usuarios_planeacion1_idx` (`planeacion_idplaneacion`);

--
-- Indices de la tabla `usuario_has_grupo`
--
ALTER TABLE `usuario_has_grupo`
  ADD KEY `usuario_correo_idx` (`correo_usuario`),
  ADD KEY `grupo_id_idx` (`id_grupo`);

--
-- Indices de la tabla `usuario_has_ingredientes`
--
ALTER TABLE `usuario_has_ingredientes`
  ADD PRIMARY KEY (`idDisponibles`),
  ADD KEY `correo_idx` (`usuario_correo`),
  ADD KEY `fk_usuario_has_ingredientes_1_idx` (`ingrediente_id`);

--
-- AUTO_INCREMENT de las tablas volcadas
--

--
-- AUTO_INCREMENT de la tabla `alergias`
--
ALTER TABLE `alergias`
  MODIFY `idalergia` int(11) NOT NULL AUTO_INCREMENT, AUTO_INCREMENT=75;

--
-- AUTO_INCREMENT de la tabla `grupo`
--
ALTER TABLE `grupo`
  MODIFY `idgrupo` int(11) NOT NULL AUTO_INCREMENT;

--
-- AUTO_INCREMENT de la tabla `ingredientes`
--
ALTER TABLE `ingredientes`
  MODIFY `idIngredientes` int(11) NOT NULL AUTO_INCREMENT, AUTO_INCREMENT=369;

--
-- AUTO_INCREMENT de la tabla `pasos`
--
ALTER TABLE `pasos`
  MODIFY `idPasos` int(11) NOT NULL AUTO_INCREMENT, AUTO_INCREMENT=232;

--
-- AUTO_INCREMENT de la tabla `planeacion`
--
ALTER TABLE `planeacion`
  MODIFY `idplaneacion` int(11) NOT NULL AUTO_INCREMENT, AUTO_INCREMENT=501;

--
-- AUTO_INCREMENT de la tabla `recetas`
--
ALTER TABLE `recetas`
  MODIFY `idRecetas` int(11) NOT NULL AUTO_INCREMENT, AUTO_INCREMENT=31;

--
-- AUTO_INCREMENT de la tabla `usuario_has_grupo`
--
ALTER TABLE `usuario_has_grupo`
  MODIFY `id_grupo` int(11) NOT NULL AUTO_INCREMENT;

--
-- AUTO_INCREMENT de la tabla `usuario_has_ingredientes`
--
ALTER TABLE `usuario_has_ingredientes`
  MODIFY `idDisponibles` int(11) NOT NULL AUTO_INCREMENT, AUTO_INCREMENT=48;

--
-- Restricciones para tablas volcadas
--

--
-- Filtros para la tabla `alergias`
--
ALTER TABLE `alergias`
  ADD CONSTRAINT `fk_alergias_ingredientes1` FOREIGN KEY (`ingredientes_idIngredientes`) REFERENCES `ingredientes` (`idIngredientes`) ON DELETE NO ACTION ON UPDATE NO ACTION,
  ADD CONSTRAINT `fk_alergias_usuarios1` FOREIGN KEY (`usuarios_correo`) REFERENCES `usuarios` (`correo`) ON DELETE NO ACTION ON UPDATE NO ACTION;

--
-- Filtros para la tabla `grupo`
--
ALTER TABLE `grupo`
  ADD CONSTRAINT `fk_grupo_planeacion1` FOREIGN KEY (`planeacion_idplaneacion`) REFERENCES `planeacion` (`idplaneacion`) ON DELETE NO ACTION ON UPDATE NO ACTION;

--
-- Filtros para la tabla `pasos`
--
ALTER TABLE `pasos`
  ADD CONSTRAINT `fk_Pasos_Recetas1` FOREIGN KEY (`Recetas_idRecetas`) REFERENCES `recetas` (`idRecetas`);

--
-- Filtros para la tabla `recetas`
--
ALTER TABLE `recetas`
  ADD CONSTRAINT `fk_Recetas_Usuarios1` FOREIGN KEY (`Usuarios_correo`) REFERENCES `usuarios` (`correo`);

--
-- Filtros para la tabla `recetas_has_ingredientes`
--
ALTER TABLE `recetas_has_ingredientes`
  ADD CONSTRAINT `fk_Recetas_has_Ingredientes_Ingredientes1` FOREIGN KEY (`Ingredientes_idIngredientes`) REFERENCES `ingredientes` (`idIngredientes`),
  ADD CONSTRAINT `fk_Recetas_has_Ingredientes_Recetas1` FOREIGN KEY (`Recetas_idRecetas`) REFERENCES `recetas` (`idRecetas`);

--
-- Filtros para la tabla `recetas_has_planeacion`
--
ALTER TABLE `recetas_has_planeacion`
  ADD CONSTRAINT `fk_recetas_has_planeacion_planeacion1` FOREIGN KEY (`planeacion_idplaneacion`) REFERENCES `planeacion` (`idplaneacion`) ON DELETE NO ACTION ON UPDATE NO ACTION,
  ADD CONSTRAINT `fk_recetas_has_planeacion_recetas1` FOREIGN KEY (`recetas_idRecetas`,`recetas_Usuarios_correo`) REFERENCES `recetas` (`idRecetas`, `Usuarios_correo`) ON DELETE NO ACTION ON UPDATE NO ACTION;

--
-- Filtros para la tabla `usuarios`
--
ALTER TABLE `usuarios`
  ADD CONSTRAINT `fk_usuarios_planeacion1` FOREIGN KEY (`planeacion_idplaneacion`) REFERENCES `planeacion` (`idplaneacion`) ON DELETE NO ACTION ON UPDATE NO ACTION;

--
-- Filtros para la tabla `usuario_has_grupo`
--
ALTER TABLE `usuario_has_grupo`
  ADD CONSTRAINT `grupo_id` FOREIGN KEY (`id_grupo`) REFERENCES `grupo` (`idgrupo`),
  ADD CONSTRAINT `usuario_correo` FOREIGN KEY (`correo_usuario`) REFERENCES `usuarios` (`correo`);

--
-- Filtros para la tabla `usuario_has_ingredientes`
--
ALTER TABLE `usuario_has_ingredientes`
  ADD CONSTRAINT `ingredientesID` FOREIGN KEY (`ingrediente_id`) REFERENCES `ingredientes` (`idIngredientes`),
  ADD CONSTRAINT `usuariocorreo` FOREIGN KEY (`usuario_correo`) REFERENCES `usuarios` (`correo`);
COMMIT;

/*!40101 SET CHARACTER_SET_CLIENT=@OLD_CHARACTER_SET_CLIENT */;
/*!40101 SET CHARACTER_SET_RESULTS=@OLD_CHARACTER_SET_RESULTS */;
/*!40101 SET COLLATION_CONNECTION=@OLD_COLLATION_CONNECTION */;
